date,total_sales,total_promotion,active_stores,product_families,oil_price,is_holiday,year,month,day,day_of_week,week_of_year,is_weekend,sales_lag_1,sales_lag_7,sales_lag_14,sales_lag_28,sales_rolling_7,sales_rolling_14,sales_rolling_28,quarter,day_of_year,week_of_month,promotion_ratio
2013-01-29,264488.8180765,0,54,33,97.62,0,2013,1,29,1,5,0,285460.169953,296214.728983,299129.549954,2511.618999,320916.2248716857,330877.42200166424,339672.16334946424,1,29,5,0.0
2013-01-30,281061.127052,0,54,33,97.98,0,2013,1,30,2,5,0,264488.8180765,283258.4530325,318347.913946,496092.417944,316383.9518850428,328403.0840104143,349028.49188794644,1,30,5,0.0
2013-01-31,271254.217996,0,54,33,97.65,0,2013,1,31,3,5,0,281061.127052,247245.690995,267498.5159755,361461.231124,316070.0481735429,325739.7420894143,341348.80292751786,1,31,5,0.0
2013-02-01,369402.055266,0,54,33,97.46,0,2013,2,1,4,5,0,271254.217996,290022.77193,296130.850028,354459.6770927,319499.8377451143,326008.00651945,338127.1238872321,1,32,1,0.0
2013-02-04,344308.715017,0,54,33,96.21,0,2013,2,4,0,6,0,486336.82018,285460.169953,311211.26595000003,336122.801066,353841.5244612143,339218.23866623576,338952.87884227856,1,35,1,0.0
2013-02-05,321245.83913,0,54,33,96.68,0,2013,2,5,1,6,0,344308.715017,264488.8180765,296214.728983,318347.777981,362248.45947035716,341582.3421710214,339245.23291195714,1,36,1,0.0
2013-02-06,321538.177149,0,54,33,96.44,0,2013,2,6,2,6,0,321245.83913,281061.127052,283258.4530325,302530.809018,370356.6053351429,343370.2786100929,339348.73509585,1,37,1,0.0
2013-02-07,290807.530973,0,54,33,95.84,0,2013,2,7,3,6,0,321538.177149,271254.217996,247245.690995,258982.003049,376139.0410632858,346104.5446184143,340027.5696719572,1,38,1,0.0
2013-02-08,347441.789912,0,54,33,95.71,0,2013,2,8,4,6,0,290807.530973,369402.055266,290022.77193,289737.6850845,378932.37148857146,349216.1046168429,341164.1956692428,1,39,2,0.0
2013-02-11,278627.588926,0,54,33,97.01,1,2013,2,11,0,7,0,300951.328993,344308.715017,285460.169953,293348.362078,334638.52289267146,344240.0236769429,337840.443986625,1,42,2,0.0
2013-02-12,308800.7909121,0,54,33,97.48,1,2013,2,12,1,7,0,278627.588926,321245.83913,264488.8180765,299129.549954,325255.50487967144,343751.98217501433,337314.70208833925,1,43,2,0.0
2013-02-13,319597.929962,0,54,33,97.03,0,2013,2,13,2,7,0,308800.7909121,321538.177149,281061.127052,318347.913946,323477.64084854285,346917.12309184286,337660.10355112853,1,44,2,0.0
2013-02-14,308164.016957,0,54,33,97.3,0,2013,2,14,3,7,0,319597.929962,290807.530973,271254.217996,267498.5159755,323200.4626789714,349669.75187112857,337704.7469802714,1,45,2,0.0
2013-02-15,320168.883912,0,54,33,95.95,0,2013,2,15,4,7,0,308164.016957,347441.789912,369402.055266,296130.850028,325679.96067668573,352306.16608262854,339157.0863010393,1,46,3,0.0
2013-02-18,350745.573191,0,54,33,96.32,0,2013,2,18,0,8,0,399588.910014,278627.588926,344308.715017,311211.26595000003,345801.2306701572,340219.87678141426,339719.057723825,1,49,3,0.0
2013-02-19,293637.801951,0,54,33,96.69,0,2013,2,19,1,8,0,350745.573191,308800.7909121,321245.83913,296214.728983,356103.79985087144,340679.6523652714,341130.9972681464,1,50,3,0.0
2013-02-20,313803.162034,0,54,33,94.92,0,2013,2,20,2,8,0,293637.801951,319597.929962,321538.177149,283258.4530325,353937.6585707143,338707.64970962855,341038.96415986074,1,51,3,0.0
2013-02-21,267711.1090155,0,54,33,92.79,0,2013,2,21,3,8,0,313803.162034,308164.016957,290807.530973,247245.690995,353109.834581,338155.14862998575,342129.84662419994,1,52,3,0.0
2013-02-22,285679.869131,0,54,33,93.12,0,2013,2,22,4,8,0,267711.1090155,320168.883912,347441.789912,290022.77193,347330.8477322143,336505.40420444997,342860.7544106464,1,53,4,0.0
2013-02-25,307110.875933,0,54,33,92.74,0,2013,2,25,0,9,0,452726.126103,350745.573191,278627.588926,285460.169953,339600.14150549995,342700.68608782854,343470.3548823857,1,56,4,0.0
2013-02-26,270425.0070675,0,54,33,92.63,0,2013,2,26,1,9,0,307110.875933,293637.801951,308800.7909121,264488.8180765,333366.6133257857,344735.2065883285,344243.59438167146,1,57,4,0.0
2013-02-27,288401.998919,0,54,33,92.84,0,2013,2,27,2,9,0,270425.0070675,313803.162034,319597.929962,281061.127052,330050.499771,341994.07917085715,344455.60113135,1,58,4,0.0
2013-02-28,278116.291888,0,54,33,92.03,0,2013,2,28,3,9,0,288401.998919,267711.1090155,308164.016957,271254.217996,326421.7621831428,339765.7983820714,344717.7751266,1,59,4,0.0
2013-03-01,378898.165064,0,54,33,90.71,0,2013,3,1,4,9,0,278116.291888,285679.869131,320168.883912,369402.055266,327908.2168792143,337619.53230571427,344962.84919417143,1,60,1,0.0
2013-03-04,383647.679097,0,54,33,90.13,0,2013,3,4,0,10,0,559820.580027,307110.875933,350745.573191,344308.715017,375804.30345092854,357702.2224782143,348961.0496298143,1,63,1,0.0
2013-03-05,332189.993189,0,54,33,90.88,0,2013,3,5,1,10,0,383647.679097,270425.0070675,293637.801951,321245.83913,386738.13247435715,360052.37290007144,350366.0126326714,1,64,1,0.0
2013-03-06,335726.580968,0,54,33,90.47,0,2013,3,6,2,10,0,332189.993189,288401.998919,313803.162034,321538.177149,395561.7019202857,362806.10084564285,350756.8752776357,1,65,1,0.0
2013-03-07,293099.52701,0,54,33,91.53,0,2013,3,7,3,10,0,335726.580968,278116.291888,267711.1090155,290807.530973,402322.35649871425,364372.05934092856,351263.6039854571,1,66,1,0.0
2013-03-08,316600.679967,0,54,33,92.01,0,2013,3,8,4,10,0,293099.52701,378898.165064,285679.869131,347441.789912,404462.818659,366185.51776910713,351345.4609867786,1,67,2,0.0
2013-03-11,318379.133021,0,54,33,92.07,0,2013,3,11,0,11,0,461859.756153,383647.679097,307110.875933,278627.588926,368054.81617857143,371929.55981475004,357315.12295128923,1,70,2,0.0
2013-03-12,271823.37801,0,54,33,92.44,0,2013,3,12,1,11,0,318379.133021,332189.993189,270425.0070675,308800.7909121,358730.7381677143,372734.43532103574,358734.8209546822,1,71,2,0.0
2013-03-13,287869.663972,0,54,33,92.47,0,2013,3,13,2,11,0,271823.37801,335726.580968,288401.998919,319597.929962,350106.9359992857,372834.3189597857,357414.1990653214,1,72,2,0.0
2013-03-14,247541.420096,0,54,33,93.03,0,2013,3,14,3,11,0,287869.663972,293099.52701,278116.291888,308164.016957,343270.23357128573,372796.29503499996,356281.04670853575,1,73,2,0.0
2013-03-15,315878.090213,0,54,33,93.49,0,2013,3,15,4,11,0,247541.420096,316600.679967,378898.165064,320168.883912,336761.93258357147,370612.37562128576,354115.9539635,1,74,3,0.0
2013-03-18,330283.80303,0,54,33,93.71,0,2013,3,18,0,12,0,513439.584913,318379.133021,383647.679097,350745.573191,348166.38631228573,358110.60124542855,357906.4118618214,1,77,3,0.0
2013-03-19,294020.245897,0,54,33,92.44,0,2013,3,19,1,12,0,330283.80303,271823.37801,332189.993189,293637.801951,349867.0534564286,354298.89581207145,357175.6343560714,1,78,3,0.0
2013-03-20,321207.006946,0,54,33,93.21,0,2013,3,20,2,12,0,294020.245897,287869.663972,335726.580968,313803.162034,353038.0345831429,351572.48529121425,357189.2930684286,1,79,3,0.0
2013-03-21,269130.127953,0,54,33,92.46,0,2013,3,21,3,12,0,321207.006946,247541.420096,293099.52701,267711.1090155,357800.51215085713,350535.37286107143,357453.716101,1,80,3,0.0
2013-03-22,304100.453969,0,54,33,93.41,0,2013,3,22,4,12,0,269130.127953,315878.090213,316600.679967,285679.869131,360884.61327328574,348823.27292842855,357504.39534876787,1,81,4,0.0
2013-03-25,317559.6099585,0,54,33,94.55,0,2013,3,25,0,13,0,449794.636951,330283.80303,318379.133021,307110.875933,345961.1825474286,347063.7844298571,359496.6721223036,1,84,4,0.0
2013-03-26,275818.2359,0,54,33,95.99,0,2013,3,26,1,13,0,317559.6099585,294020.245897,271823.37801,270425.0070675,344143.4406800714,347005.24706825,359869.8411946428,1,85,4,0.0
2013-03-27,313691.148998,0,54,33,96.53,0,2013,3,27,2,13,0,275818.2359,321207.006946,287869.663972,288401.998919,341543.15353764285,347290.5940603929,360062.4565100893,1,86,4,0.0
2013-03-28,339293.269022,0,54,33,97.24,0,2013,3,28,3,13,0,313691.148998,269130.127953,247541.420096,278116.291888,340469.4595450714,349134.9858479643,360965.64044148213,1,87,4,0.0
2013-03-29,345513.132,0,54,33,97.17,0,2013,3,29,4,13,0,339293.269022,304100.453969,315878.090213,378898.165064,350492.7654120714,355688.6893426785,363150.5324819822,1,88,5,0.0
2013-04-01,428816.447912,0,54,33,97.1,1,2013,4,1,0,14,0,462107.639956,317559.6099585,330283.80303,383647.679097,358092.0559815,352026.6192644643,355068.61025494646,2,91,1,0.0
2013-04-02,377732.827961,0,54,33,97.23,0,2013,4,2,1,14,0,428816.447912,275818.2359,294020.245897,332189.993189,373985.88997485716,359064.6653274643,356681.78056976787,2,92,1,0.0
2013-04-03,373731.0758793,0,54,33,95.02,0,2013,4,3,2,14,0,377732.827961,313691.148998,321207.006946,335726.580968,388545.11741214286,365044.13547489286,358308.3103830536,2,93,1,0.0
2013-04-04,308738.385963,0,54,33,93.26,0,2013,4,4,3,14,0,373731.0758793,339293.269022,269130.127953,293099.52701,397122.2498237571,368795.8546844143,359665.6137727429,2,94,1,0.0
2013-04-05,336394.782031,0,54,33,92.76,0,2013,4,5,4,14,0,308738.385963,345513.132,304100.453969,316600.679967,392757.2665296143,371625.0159708429,360224.1444496357,2,95,1,0.0
2013-04-08,346649.815943,0,54,33,93.36,0,2013,4,8,0,15,0,519048.376884,428816.447912,317559.6099585,318379.133021,407698.01580761425,382895.0358945572,364979.4101622072,2,98,2,0.0
2013-04-09,306335.8019617,0,54,33,94.18,0,2013,4,9,1,15,0,346649.815943,377732.827961,275818.2359,271823.37801,395959.92552632856,384972.90775059286,365989.07740942144,2,99,2,0.0
2013-04-10,312846.374941,0,54,33,94.59,0,2013,4,10,2,15,0,306335.8019617,373731.0758793,313691.148998,287869.663972,385760.35038357147,387152.7338978572,367221.66397912503,2,100,2,0.0
2013-04-11,303223.41301,0,54,33,93.44,0,2013,4,11,3,15,0,312846.374941,308738.385963,339293.269022,247541.420096,377062.5359638143,387092.3928937857,368113.68937087496,2,101,2,0.0
2013-04-12,314394.967035,0,54,33,91.23,1,2013,4,12,4,15,0,303223.41301,336394.782031,345513.132,315878.090213,376274.68268481427,384515.97460721433,370102.3319749464,2,102,2,0.0
2013-04-15,338712.458055,0,54,33,88.75,0,2013,4,15,0,16,0,478417.148813,346649.815943,428816.447912,330283.80303,359330.0026788143,383514.0092432143,367770.3142538393,2,105,3,0.0
2013-04-16,333431.880049,0,54,33,88.73,0,2013,4,16,1,16,0,338712.458055,306335.8019617,377732.827961,294020.245897,358196.0944091001,377078.00996771426,368071.33764758933,2,106,3,0.0
2013-04-17,334990.518942,0,54,33,86.65,0,2013,4,17,2,16,0,333431.880049,312846.374941,373731.0758793,321207.006946,362066.96270728577,373913.65654542856,369478.89601016074,2,107,3,0.0
2013-04-18,281924.509951,0,54,33,87.83,0,2013,4,18,3,16,0,334990.518942,303223.41301,308738.385963,269130.127953,365230.4118502857,371146.47390705004,369971.16429573216,2,108,3,0.0
2013-04-19,311588.70494,0,54,33,88.04,0,2013,4,19,4,16,0,281924.509951,314394.967035,336394.782031,304100.453969,362187.7114132857,369231.19704905,370428.1065099464,2,109,3,0.0
2013-04-22,328886.320986,0,54,33,88.81,0,2013,4,22,0,17,0,485721.032087,338712.458055,346649.815943,317559.6099585,363750.5631524286,361540.2829156215,372217.6594050893,2,112,4,0.0
2013-04-23,302097.8329435,0,54,33,89.21,0,2013,4,23,1,17,0,328886.320986,333431.880049,306335.8019617,275818.2359,362346.82928542857,360271.4618472643,372622.18479892856,2,113,4,0.0
2013-04-24,310555.184925,0,54,33,91.07,0,2013,4,24,2,17,0,302097.8329435,334990.518942,312846.374941,313691.148998,357870.53684178565,359968.7497745357,373560.7418361964,2,114,4,0.0
2013-04-25,268790.618996,0,54,33,93.27,0,2013,4,25,3,17,0,310555.184925,281924.509951,303223.41301,339293.269022,354379.7748393571,359805.0933448215,373448.7431193036,2,115,4,0.0
2013-04-26,304413.556952,0,54,33,92.63,0,2013,4,26,4,17,0,268790.618996,311588.70494,314394.967035,345513.132,352503.5047029286,357345.60805810714,370930.7913326607,2,116,4,0.0
2013-04-29,328795.874018,0,54,33,94.09,1,2013,4,29,0,18,0,477623.4729303,328886.320986,338712.458055,428816.447912,348433.1893754,356091.8762639143,369802.9427535642,2,119,5,0.0
2013-04-30,310186.466894,0,54,33,93.22,0,2013,4,30,1,18,0,328795.874018,302097.8329435,333431.880049,377732.827961,348420.26837997144,355383.5488327,366230.77940020716,2,120,5,0.0
2013-05-01,507974.636889,0,54,33,90.74,1,2013,5,1,2,18,0,310186.466894,310555.184925,334990.518942,373731.0758793,349575.78751575714,353723.1621787714,363818.4093621,2,121,1,0.0
2013-05-02,348709.460063,0,54,33,93.7,0,2013,5,2,3,18,0,507974.636889,268790.618996,281924.509951,308738.385963,377778.5663677571,366079.17060355714,368612.82225530356,2,122,1,0.0
2013-05-03,374291.2510323,0,54,33,95.25,0,2013,5,3,4,18,0,348709.460063,304413.556952,311588.70494,336394.782031,389195.5436630429,370849.5241829857,370040.3606160179,2,123,1,0.0
2013-05-06,369869.383046,0,54,33,95.8,0,2013,5,6,0,19,0,580268.550981,328795.874018,328886.320986,346649.815943,424366.5365489,386399.86296215,373970.07293888566,2,126,1,0.0
2013-05-07,317292.964148,0,54,33,95.28,0,2013,5,7,1,19,0,369869.383046,310186.466894,302097.8329435,306335.8019617,430234.18069575715,389327.22453786427,374799.3431925643,2,127,1,0.0
2013-05-08,332477.410968,0,54,33,96.24,0,2013,5,8,2,19,0,317292.964148,507974.636889,310555.184925,312846.374941,431249.3945891857,390412.59105247137,375190.6704135036,2,128,2,0.0
2013-05-09,305868.0570225,0,54,33,96.09,0,2013,5,9,3,19,0,332477.410968,348709.460063,268790.618996,303223.41301,406178.3623147571,391978.4643412571,375891.7788430393,2,129,2,0.0
2013-05-10,335937.441949,0,54,33,95.81,0,2013,5,10,4,19,0,305868.0570225,374291.2510323,304413.556952,314394.967035,400058.1618804,394626.8527717214,375986.2304149143,2,130,2,0.0
2013-05-13,350598.06187,0,54,33,94.76,0,2013,5,13,0,20,0,387860.5050145,369869.383046,328795.874018,338712.458055,365913.7633182857,395140.1499335928,375616.0130987536,2,133,2,0.0
2013-05-14,308469.313119,0,54,33,93.96,0,2013,5,14,1,20,0,350598.06187,317292.964148,310186.466894,333431.880049,363160.71743599995,396697.4490658786,376040.49894928926,2,134,2,0.0
2013-05-15,329113.560081,0,54,33,93.95,0,2013,5,15,2,20,0,308469.313119,332477.410968,507974.636889,334990.518942,361900.1958604286,396574.79522480717,375148.9787017893,2,135,3,0.0
2013-05-16,307556.946937,0,54,33,94.85,0,2013,5,16,3,20,0,329113.560081,305868.0570225,348709.460063,281924.509951,361419.6457337143,383799.0040242357,374939.0873138964,2,136,3,0.0
2013-05-17,330004.241998,0,54,33,95.72,0,2013,5,17,4,20,0,307556.946937,335937.441949,374291.2510323,311588.70494,361660.9157215,380859.53880095,375854.53149196785,2,137,3,0.0
2013-05-20,341787.214991,0,54,33,96.29,0,2013,5,20,0,21,0,518153.554009,350598.06187,369869.383046,328886.320986,374980.74813657143,370447.25572742854,378423.5593447893,2,140,3,0.0
2013-05-21,307178.399952,0,54,33,95.55,0,2013,5,21,1,21,0,341787.214991,308469.313119,317292.964148,302097.8329435,373722.0557252857,368441.38658064284,378884.3055592536,2,141,3,0.0
2013-05-22,301785.4831075,0,54,33,93.98,0,2013,5,22,2,21,0,307178.399952,329113.560081,332477.410968,310555.184925,373537.6395585714,367718.9177095,379065.75438098575,2,142,4,0.0
2013-05-23,289261.058026,0,54,33,94.12,0,2013,5,23,3,21,0,301785.4831075,307556.946937,305868.0570225,268790.618996,369633.62856235716,365526.63714803575,378752.5507446464,2,143,4,0.0
2013-05-24,398389.241982,0,54,33,93.84,1,2013,5,24,4,21,0,289261.058026,330004.241998,335937.441949,304413.556952,367019.9301465,364340.42293400003,379483.6378528607,2,144,4,0.0
2013-05-27,321630.8309235,0,54,33,94.245,0,2013,5,27,0,22,0,450631.400068,341787.214991,350598.06187,328795.874018,358137.5628742143,366559.1555053929,380849.6527194929,2,147,4,0.0
2013-05-28,307329.1680565,0,54,33,94.65,0,2013,5,28,1,22,0,321630.8309235,307178.399952,308469.313119,310186.466894,355258.079436,364490.0675806428,380593.7583232607,2,148,4,0.0
2013-05-29,309333.380899,0,54,33,93.13,0,2013,5,29,2,22,0,307329.1680565,301785.4831075,329113.560081,507974.636889,355279.61773664283,364408.62864760717,380491.7119362071,2,149,5,0.0
2013-05-30,304344.849939,0,54,33,93.57,0,2013,5,30,3,22,0,309333.380899,289261.058026,307556.946937,348709.460063,356357.88884971425,362995.7587060357,373397.3813651357,2,150,5,0.0
2013-05-31,330257.841975,0,54,33,91.93,0,2013,5,31,4,22,0,304344.849939,398389.241982,330004.241998,374291.2510323,358512.71626585716,362766.32320617855,371812.9310035643,2,151,5,0.0
2013-06-03,426332.097995,0,54,33,93.41,0,2013,6,3,0,23,0,637698.494958,321630.8309235,341787.214991,369869.383046,396785.1973912857,377461.38013275,373954.3179300893,2,154,1,0.0
2013-06-04,369705.160085,0,54,33,93.36,0,2013,6,4,1,23,0,426332.097995,307329.1680565,307178.399952,317292.964148,411742.5212586429,383500.3003473215,375970.8434639821,2,155,1,0.0
2013-06-05,361791.080915,0,54,33,93.66,0,2013,6,5,2,23,0,369705.160085,309333.380899,301785.4831075,332477.410968,420653.37726271426,387966.49749967863,377842.7076045893,2,156,1,0.0
2013-06-06,317496.765891,0,54,33,94.71,0,2013,6,6,3,23,0,361791.080915,304344.849939,289261.058026,305868.0570225,428147.33440785715,392252.6116287857,378889.6243884107,2,157,1,0.0
2013-06-07,357673.087977,0,54,33,96.11,0,2013,6,7,4,23,0,317496.765891,330257.841975,398389.241982,335937.441949,430026.1795438571,394269.44790485717,379304.93541942857,2,158,1,0.0
2013-06-10,349754.291978,0,54,33,95.82,0,2013,6,10,0,24,0,526804.730256,426332.097995,321630.8309235,350598.06187,403727.94603071426,400256.571711,383407.8636081964,2,161,2,0.0
2013-06-11,283858.2159925,0,54,33,95.5,0,2013,6,11,1,24,0,349754.291978,369705.160085,307329.1680565,308469.313119,392788.2594568571,402265.39035775,383377.72896919644,2,162,2,0.0
2013-06-12,320173.5779987,0,54,33,95.98,0,2013,6,12,2,24,0,283858.2159925,361791.080915,309333.380899,329113.560081,380524.41030078573,400588.89378175,382498.7612146786,2,163,2,0.0
2013-06-13,282886.9200452,0,54,33,96.66,0,2013,6,13,3,24,0,320173.5779987,317496.765891,304344.849939,307556.946937,374579.0527413143,401363.19357458566,382179.4761403107,2,164,2,0.0
2013-06-14,326956.7421072,0,54,33,97.83,0,2013,6,14,4,24,0,282886.9200452,357673.087977,330257.841975,330004.241998,369634.7890490572,399830.4842964572,381298.4037513179,2,165,2,0.0
2013-06-17,370944.271024,0,54,33,97.86,0,2013,6,17,0,25,0,435894.082881,349754.291978,426332.097995,341787.214991,357924.9282675286,380826.4371491214,379143.9086409357,2,168,3,0.0
2013-06-18,320885.3399215,0,54,33,98.46,0,2013,6,18,1,25,0,370944.271024,283858.2159925,369705.160085,307178.399952,360952.0681312429,376870.16379405,380185.2320706857,2,169,3,0.0
2013-06-19,319235.25797700003,0,54,33,98.24,0,2013,6,19,2,25,0,320885.3399215,320173.5779987,361791.080915,301785.4831075,366241.6572639571,373383.0337823714,380674.765641025,2,170,3,0.0
2013-06-20,293877.944015,0,54,33,94.89,0,2013,6,20,3,25,0,319235.25797700003,282886.9200452,317496.765891,289261.058026,366107.6115465715,370343.3321439429,381297.9718863643,2,171,3,0.0
2013-06-21,319722.6870265,0,54,33,93.81,0,2013,6,21,4,25,0,293877.944015,326956.7421072,357673.087977,398389.241982,367677.7578279714,368656.27343851427,381462.8606716857,2,172,3,0.0
2013-06-24,336631.9640383,0,54,33,95.07,0,2013,6,24,0,26,0,504964.845142,370944.271024,349754.291978,321630.8309235,367996.8081717143,362960.8682196214,381608.7199653107,2,175,4,0.0
2013-06-25,305119.530064,0,54,33,95.25,1,2013,6,25,1,26,0,336631.9640383,320885.3399215,283858.2159925,307329.1680565,363095.0500309,362023.55908107146,382144.4747194107,2,176,4,0.0
2013-06-26,301847.2489636,0,54,33,95.47,0,2013,6,26,2,26,0,305119.530064,319235.25797700003,320173.5779987,309333.380899,360842.79147982865,363542.22437189287,382065.55907682143,2,177,4,0.0
2013-06-27,266525.458966,0,54,33,97.0,0,2013,6,27,3,26,0,301847.2489636,293877.944015,282886.9200452,304344.849939,358358.7901922,362233.20086938574,381798.1972219857,2,178,4,0.0
2013-06-28,324210.971803,0,54,33,96.36,0,2013,6,28,4,26,0,266525.458966,319722.6870265,326956.7421072,330257.841975,354451.29232805717,361064.5250780143,380447.5046872357,2,179,4,0.0
2013-07-01,441758.3880965,0,54,33,97.94,0,2013,7,1,0,27,0,533481.693027,336631.9640383,370944.271024,426332.097995,368170.85357255716,368083.8308721357,374455.1340106286,3,182,1,0.0
2013-07-02,390958.38408,0,54,33,99.65,0,2013,7,2,1,27,0,441758.3880965,305119.530064,320885.3399215,369705.160085,383188.9141523,373141.9820916,375006.072942825,3,183,1,0.0
2013-07-03,374551.917949,0,54,33,101.92,1,2013,7,3,2,27,0,390958.38408,301847.2489636,319235.25797700003,361791.080915,395451.6075831572,378147.1995314929,375765.1166569321,3,184,1,0.0
2013-07-04,327020.179028,0,54,33,102.505,0,2013,7,4,3,27,0,374551.917949,266525.458966,293877.944015,317496.765891,405837.9888667857,382098.3895294928,376220.8608367178,3,185,1,0.0
2013-07-05,351401.500074,0,54,33,103.09,0,2013,7,5,4,27,0,327020.179028,324210.971803,319722.6870265,357673.087977,414480.0917327857,384465.69203042146,376560.9827344679,3,186,1,0.0
2013-07-08,365452.995017,0,54,33,103.03,0,2013,7,8,0,28,0,500606.073078,441758.3880965,336631.9640383,349754.291978,409401.5623185,388786.20794552856,375873.538082575,3,189,2,0.0
2013-07-09,317279.1449993,0,54,33,103.46,0,2013,7,9,1,28,0,365452.995017,390958.38408,305119.530064,283858.2159925,398500.79187857144,390844.85301543574,376434.2060482535,3,190,2,0.0
2013-07-10,314134.886071,0,54,33,106.41,0,2013,7,10,2,28,0,317279.1449993,374551.917949,301847.2489636,320173.5779987,387975.1862956143,391713.3969393857,377627.81065563933,3,191,2,0.0
2013-07-11,281750.931023,0,54,33,104.77,0,2013,7,11,3,28,0,314134.886071,327020.179028,266525.458966,282886.9200452,379344.1817416143,392591.0853042,377412.1430867929,3,192,2,0.0
2013-07-12,308786.438133,0,54,33,105.85,0,2013,7,12,4,28,0,281750.931023,351401.500074,324210.971803,326956.7421072,372877.1463123285,393678.6190225571,377371.5720502857,3,193,2,0.0
2013-07-15,348803.0469486,0,54,33,106.2,0,2013,7,15,0,29,0,438722.417857,365452.995017,441758.3880965,370944.271024,351242.2736172571,380321.9179678786,374202.87442000717,3,196,3,0.0
2013-07-16,335516.229006,0,54,33,105.88,0,2013,7,16,1,29,0,348803.0469486,317279.1449993,390958.38408,320885.3399215,348863.7096074857,373682.2507430286,373412.1164173143,3,197,3,0.0
2013-07-17,324313.8180255,0,54,33,106.39,0,2013,7,17,2,29,0,335516.229006,314134.886071,374551.917949,319235.25797700003,351469.0073227285,369722.09680917143,373934.64817033213,3,198,3,0.0
2013-07-18,287074.8739522,0,54,33,107.94,0,2013,7,18,3,29,0,324313.8180255,281750.931023,327020.179028,293877.944015,352923.1404590857,366133.66110035,374116.02531492145,3,199,3,0.0
2013-07-19,313332.555049,0,54,33,108.0,0,2013,7,19,4,29,0,287074.8739522,308786.438133,351401.500074,319722.6870265,353683.7037346857,363280.42502350715,373873.0585269643,3,200,3,0.0
2013-07-22,342802.29905,0,54,33,106.61,0,2013,7,22,0,30,0,437952.624049,348803.0469486,365452.995017,336631.9640383,354641.55400618573,352941.91381172143,370864.060878625,3,203,4,0.0
2013-07-23,316257.463107,0,54,33,107.13,1,2013,7,23,1,30,0,342802.29905,335516.229006,317279.1449993,305119.530064,353784.3043063857,351324.0069569357,371084.42998618574,3,204,4,0.0
2013-07-24,309243.7899995,0,54,33,105.41,1,2013,7,24,2,30,0,316257.463107,324313.8180255,314134.886071,301847.2489636,351033.05203509994,351251.02967891423,371482.2133091501,3,205,4,0.0
2013-07-25,298074.2249247,0,54,33,105.47,1,2013,7,25,3,30,0,309243.7899995,287074.8739522,281750.931023,266525.458966,348880.1908885286,350901.66567380715,371746.37548900355,3,206,4,0.0
2013-07-26,318745.692921,0,54,33,104.76,0,2013,7,26,4,30,0,298074.2249247,313332.555049,308786.438133,324210.971803,350451.5267417429,352067.6152382143,372873.1171303857,3,207,4,0.0
2013-07-29,331493.2850525,0,54,33,104.61,0,2013,7,29,0,31,0,433358.6520873,342802.29905,348803.0469486,441758.3880965,348910.3748701,351775.9644381428,366048.9412030107,3,210,5,0.0
2013-07-30,318553.989932,0,54,33,103.14,0,2013,7,30,1,31,0,331493.2850525,316257.463107,335516.229006,390958.38408,347294.80144188565,350539.5528741357,362110.9018085822,3,211,5,0.0
2013-07-31,357982.979012,0,54,33,105.1,0,2013,7,31,2,31,0,318553.989932,309243.7899995,324313.8180255,374551.917949,347622.8767026,349327.96436885,359525.03058901074,3,212,5,0.0
2013-08-01,397555.3181021,0,54,33,107.93,0,2013,8,1,3,31,0,357982.979012,298074.2249247,287074.8739522,327020.179028,354585.61799009994,351732.9044393143,358933.2827698322,3,213,1,0.0
2013-08-02,393831.120007,0,54,33,106.94,0,2013,8,2,4,31,0,397555.3181021,318745.692921,313332.555049,351401.500074,368797.2027297286,359624.3647357357,361452.3948796214,3,214,1,0.0
2013-08-05,407033.810946,0,54,33,106.61,1,2013,8,5,0,32,0,514267.27594,331493.2850525,342802.29905,365452.995017,404377.2591512286,376643.81701066426,364792.8654111928,3,217,1,0.0
2013-08-06,357263.854086,0,54,33,105.32,0,2013,8,6,1,32,0,407033.810946,318553.989932,316257.463107,317279.1449993,415168.7628503,381231.7821460929,366277.8945515143,3,218,1,0.0
2013-08-07,351302.132003,0,54,33,104.41,0,2013,8,7,2,32,0,357263.854086,357982.979012,309243.7899995,314134.886071,420698.74344372854,384160.8100731643,367705.9198760393,3,219,1,0.0
2013-08-08,310953.0239315,0,54,33,103.45,0,2013,8,8,3,32,0,351302.132003,397555.3181021,298074.2249247,281750.931023,419744.3367281571,387164.9773591286,369033.32151646784,3,220,2,0.0
2013-08-09,337521.667868,0,54,33,106.04,0,2013,8,9,4,32,0,310953.0239315,393831.120007,318745.692921,308786.438133,407372.58041807136,388084.8915739,370076.25340605713,3,221,2,0.0
2013-08-12,349539.224033,0,54,33,106.19,0,2013,8,12,0,33,0,434720.3230013,407033.810946,331493.2850525,348803.0469486,376139.9651322571,390258.6121417429,371017.28828994284,3,224,2,0.0
2013-08-13,317103.331061,0,54,33,106.78,0,2013,8,13,1,33,0,349539.224033,357263.854086,318553.989932,335516.229006,367926.45271611435,391547.60778320715,371043.58032867144,3,225,2,0.0
2013-08-14,324377.386893,0,54,33,106.89,0,2013,8,14,2,33,0,317103.331061,351302.132003,357982.979012,324313.8180255,362189.23514111433,391443.98929242144,370385.9768306357,3,226,2,0.0
2013-08-15,311043.17291,0,54,33,107.43,1,2013,8,15,3,33,0,324377.386893,310953.0239315,397555.3181021,287074.8739522,358342.8429825429,389043.58985535,370388.2471473321,3,227,3,0.0
2013-08-16,364487.3218839,0,54,33,107.58,0,2013,8,16,4,33,0,311043.17291,337521.667868,393831.120007,313332.555049,358355.7214080429,382864.1509130571,371244.2578243964,3,228,3,0.0
2013-08-19,362085.52696,0,54,33,107.14,0,2013,8,19,0,34,0,464053.7730675,349539.224033,407033.810946,342802.29905,368491.3601093,372315.66262077854,374479.7398157214,3,231,3,0.0
2013-08-20,343046.11398,0,54,33,104.9,0,2013,8,20,1,34,0,362085.52696,317103.331061,357263.854086,316257.463107,370283.6890988714,369105.07090749283,375168.4265267929,3,232,3,0.0
2013-08-21,335724.643932,0,54,33,103.93,0,2013,8,21,2,34,0,343046.11398,324377.386893,351302.132003,309243.7899995,373989.80094444286,368089.5180427786,376125.1640579714,3,233,3,0.0
2013-08-22,306473.26098,0,54,33,104.93,0,2013,8,22,3,34,0,335724.643932,311043.17291,310953.0239315,298074.2249247,375610.8376643,366976.84032342146,377070.90884127497,3,234,4,0.0
2013-08-23,331906.369098,0,54,33,106.48,0,2013,8,23,4,34,0,306473.26098,364487.3218839,337521.667868,318745.692921,374957.9931028714,366656.8572554571,377370.8744146786,3,235,4,0.0
2013-08-26,347159.6410143,0,54,33,105.88,0,2013,8,26,0,35,0,443694.093754,362085.52696,349539.224033,331493.2850525,363358.02338542853,365924.69174736424,378091.6519445536,3,238,4,0.0
2013-08-27,319688.2190185,0,54,33,109.11,0,2013,8,27,1,35,0,347159.6410143,343046.11398,317103.331061,318553.989932,361225.7539646143,365754.72153174283,378651.16465747496,3,239,4,0.0
2013-08-28,319322.060993,0,54,33,110.17,0,2013,8,28,2,35,0,319688.2190185,335724.643932,324377.386893,357982.979012,357888.9118272571,365939.35638584994,378691.6728391357,3,240,4,0.0
2013-08-29,294518.685943,0,54,33,108.51,0,2013,8,29,3,35,0,319322.060993,306473.26098,311043.17291,397555.3181021,355545.68569311424,365578.2616787072,377310.9257670286,3,241,5,0.0
2013-08-30,354932.930947,0,54,33,107.98,0,2013,8,30,4,35,0,294518.685943,331906.369098,364487.3218839,393831.120007,353837.8892592572,364397.9411810643,373631.04604706075,3,242,5,0.0
2013-09-02,458792.960966,0,54,33,108.325,0,2013,9,2,0,36,0,640406.221875,347159.6410143,362085.52696,407033.810946,399951.3058423857,381654.66461390717,376985.1636173428,3,245,1,0.0
2013-09-03,397680.420032,0,54,33,108.67,0,2013,9,3,1,36,0,458792.960966,319688.2190185,343046.11398,357263.854086,415898.92297834286,388562.3384714785,378833.70468948566,3,246,1,0.0
2013-09-04,392565.48591,0,54,33,107.29,0,2013,9,4,2,36,0,397680.420032,319322.060993,335724.643932,351302.132003,427040.6659802715,392464.7889037643,380277.1534732714,3,247,1,0.0
2013-09-05,330622.779063,0,54,33,108.5,0,2013,9,5,3,36,0,392565.48591,294518.685943,306473.26098,310953.0239315,437504.01239698566,396524.84904505,381750.8446842357,3,248,1,0.0
2013-09-06,335442.247929,0,54,33,110.62,0,2013,9,6,4,36,0,330622.779063,354932.930947,331906.369098,337521.667868,442661.73998555716,398249.81462240714,382453.3359389321,3,249,1,0.0
2013-09-09,377151.7070027,0,54,33,109.62,0,2013,9,9,0,37,0,560852.005091,458792.960966,347159.6410143,349539.224033,427791.4494272857,413871.3776348357,389898.0346911,3,252,2,0.0
2013-09-10,308074.4658225,0,54,33,107.48,0,2013,9,10,1,37,0,377151.7070027,397680.420032,319688.2190185,317103.331061,416128.4131468143,416013.66806257854,390884.1947971607,3,253,2,0.0
2013-09-11,323124.61885,0,54,33,107.65,0,2013,9,11,2,37,0,308074.4658225,392565.48591,319322.060993,324377.386893,403327.5625454571,415184.11426286434,390561.7353243571,3,254,2,0.0
2013-09-12,282855.730937,0,54,33,108.72,0,2013,9,12,3,37,0,323124.61885,330622.779063,294518.685943,311043.17291,393407.4386797429,415455.72553836426,390516.9936085357,3,255,2,0.0
2013-09-13,319556.942029,0,54,33,108.31,0,2013,9,13,4,37,0,282855.730937,335442.247929,354932.930947,364487.3218839,386583.57466174284,414622.65732364997,389510.29925235716,3,256,2,0.0
2013-09-16,373229.840879,0,54,33,106.54,0,2013,9,16,0,38,0,532852.959041,377151.7070027,458792.960966,362085.52696,374282.9183826,401037.1839049429,391345.924259425,3,259,3,0.0
2013-09-17,327282.949966,0,54,33,105.36,0,2013,9,17,1,38,0,373229.840879,308074.4658225,397680.420032,343046.11398,373722.6517935,394925.5324701572,391743.9354708179,3,260,3,0.0
2013-09-18,315687.718926,0,54,33,108.23,0,2013,9,18,2,38,0,327282.949966,323124.61885,392565.48591,335724.643932,376466.7209568572,389897.1417511572,391180.9653274607,3,261,3,0.0
2013-09-19,279580.372008,0,54,33,106.26,0,2013,9,19,3,38,0,315687.718926,282855.730937,330622.779063,306473.26098,375404.306682,384405.8726808714,390465.36086296075,3,262,3,0.0
2013-09-20,331846.9039701,0,54,33,104.7,0,2013,9,20,4,38,0,279580.372008,319556.942029,335442.247929,331906.369098,374936.39826357143,380759.98646265717,389504.90054253215,3,263,3,0.0
2013-09-23,356043.0340047,0,54,33,103.62,0,2013,9,23,0,39,0,502068.7019007,373229.840879,377151.7070027,347159.6410143,371142.12407797144,372712.5212302857,393291.9494325607,3,266,4,0.0
2013-09-24,303333.392926,0,54,33,103.22,0,2013,9,24,1,39,0,356043.0340047,327282.949966,308074.4658225,319688.2190185,368686.8659530714,371204.7588732857,393609.2134679322,3,267,4,0.0
2013-09-25,312490.104996,0,54,33,102.68,0,2013,9,25,2,39,0,303333.392926,315687.718926,323124.61885,319322.060993,365265.5006616428,370866.11080925,393025.1125360572,3,268,4,0.0
2013-09-26,273057.8798588,0,54,33,103.1,0,2013,9,26,3,39,0,312490.104996,279580.372008,282855.730937,294518.685943,364808.6986716428,370106.5026768214,392781.11410759285,3,269,4,0.0
2013-09-27,320246.574024,0,54,33,102.86,0,2013,9,27,4,39,0,273057.8798588,331846.9039701,319556.942029,354932.930947,363876.9140789,369406.6561712357,392014.65674744284,3,270,4,0.0
2013-09-30,367068.4500143,0,54,33,102.36,0,2013,9,30,0,40,0,522868.441946,356043.0340047,373229.840879,458792.960966,367563.3023948,369352.71323638567,385194.94857066433,3,273,5,0.0
2013-10-01,436441.034076,0,54,33,102.09,0,2013,10,1,1,40,0,367068.4500143,303333.392926,327282.949966,397680.420032,369138.36182474287,368912.61388890713,381919.0731795322,4,274,1,0.0
2013-10-02,414455.6550375,0,54,33,104.15,0,2013,10,2,2,40,0,436441.034076,312490.104996,315687.718926,392565.48591,388153.7391318857,376709.6198967643,383303.3808239607,4,275,1,0.0
2013-10-03,348933.24703,0,54,33,103.29,0,2013,10,3,3,40,0,414455.6550375,273057.8798588,279580.372008,330622.779063,402720.24628067145,383764.4724761572,384085.17257851426,4,276,1,0.0
2013-10-04,378109.978059,0,54,33,103.83,0,2013,10,4,4,40,0,348933.24703,320246.574024,331846.9039701,335442.247929,413559.5844479857,388718.2492634429,384739.11786305,4,277,1,0.0
2013-10-07,373387.109043,0,54,33,103.07,1,2013,10,7,0,41,0,553031.424016,367068.4500143,356043.0340047,377151.7070027,434028.0590414,400795.68071810005,386754.10097419284,4,280,1,0.0
2013-10-08,326726.7240121,0,54,33,103.54,0,2013,10,8,1,41,0,373387.109043,436441.034076,303333.392926,308074.4658225,434930.72461692855,402034.5432208357,386619.65104706073,4,281,2,0.0
2013-10-09,322529.418957,0,54,33,101.63,1,2013,10,9,2,41,0,326726.7240121,414455.6550375,312490.104996,323124.61885,419257.25175065716,403705.4954412714,387285.80312526075,4,282,2,0.0
2013-10-10,305047.0980576,0,54,33,103.08,0,2013,10,10,3,41,0,322529.418957,348933.24703,273057.8798588,282855.730937,406124.93231058575,404422.5892956286,387264.545986225,4,283,2,0.0
2013-10-11,402913.849028,0,54,33,102.17,1,2013,10,11,4,41,0,305047.0980576,378109.978059,320246.574024,319556.942029,399855.4824573857,406707.53345268575,388057.0948119607,4,284,2,0.0
2013-10-14,342694.7209944,0,54,33,102.46,0,2013,10,14,0,42,0,481781.2559686,373387.109043,367068.4500143,373229.840879,376966.4494371714,405497.2542392857,387424.9837378357,4,287,2,0.0
2013-10-15,305242.569986,0,54,33,101.15,0,2013,10,15,1,42,0,342694.7209944,326726.7240121,436441.034076,327282.949966,372581.8225730857,403756.27359500714,386334.4437419572,4,288,3,0.0
2013-10-16,355696.963943,0,54,33,102.34,0,2013,10,16,2,42,0,305242.569986,322529.418957,414455.6550375,315687.718926,369512.6577122143,394384.9547314357,385547.2873141,4,289,3,0.0
2013-10-17,312949.412961,0,54,33,100.72,0,2013,10,17,3,42,0,355696.963943,305047.0980576,348933.24703,279580.372008,374250.8784245,390187.9053675429,386976.18892185,4,290,3,0.0
2013-10-18,323327.873107,0,54,33,100.87,0,2013,10,18,4,42,0,312949.412961,402913.849028,378109.978059,331846.9039701,375379.78055355715,387617.63150547136,388167.9403844572,4,291,3,0.0
2013-10-21,348721.327971,0,54,33,99.28,0,2013,10,21,0,43,0,537713.5090483,342694.7209944,373387.109043,356043.0340047,380838.6600058143,378902.55472149287,389849.1177197964,4,294,3,0.0
2013-10-22,301641.7850828,0,54,33,97.63,0,2013,10,22,1,43,0,348721.327971,305242.569986,326726.7240121,303333.392926,381699.6038596143,377140.71321635,389587.6282185929,4,295,4,0.0
2013-10-23,323105.11598,0,54,33,96.9,0,2013,10,23,2,43,0,301641.7850828,355696.963943,322529.418957,312490.104996,381185.20601629996,375348.93186425715,389527.2136527643,4,296,4,0.0
2013-10-24,276059.0800025,0,54,33,96.65,0,2013,10,24,3,43,0,323105.11598,312949.412961,305047.0980576,273057.8798588,376529.22773587145,375390.0530801857,389906.3211879072,4,297,4,0.0
2013-10-25,317570.4260338,0,54,33,97.4,0,2013,10,25,4,43,0,276059.0800025,323327.873107,402913.849028,320246.574024,371259.1801703714,373319.48036196426,390013.50690732495,4,298,4,0.0
2013-10-28,346941.91396,0,54,33,98.74,0,2013,10,28,0,44,0,512891.4830689,348721.327971,342694.7209944,367068.4500143,361841.654579,371340.1572924071,388418.7057658465,4,301,4,0.0
2013-10-29,302332.9969864,0,54,33,98.29,0,2013,10,29,1,44,0,346941.91396,301641.7850828,305242.569986,436441.034076,361587.45257742854,371643.52821852145,387699.90090676426,4,302,5,0.0
2013-10-30,319494.7050373,0,54,33,96.81,0,2013,10,30,2,44,0,302332.9969864,323105.11598,355696.963943,414455.6550375,361686.1971350857,371435.7015756928,382910.32815356425,4,303,5,0.0
2013-10-31,298195.433106,0,54,33,96.29,0,2013,10,31,3,44,0,319494.7050373,276059.0800025,312949.412961,348933.24703,361170.42414327146,368849.8259395714,379518.8656535571,4,304,5,0.0
2013-11-01,403637.232955,0,54,33,94.56,0,2013,11,1,4,44,0,298195.433106,317570.4260338,323327.873107,378109.978059,364332.7603009143,367795.97023564286,377706.8008705572,4,305,1,0.0
2013-11-04,424314.167046,0,54,33,94.58,0,2013,11,4,0,45,0,602796.556029,346941.91396,348721.327971,373387.109043,402002.05615867145,381921.85536883574,380412.2050451643,4,308,1,0.0
2013-11-05,393322.182909,0,54,33,93.4,0,2013,11,5,1,45,0,424314.167046,302332.9969864,301641.7850828,326726.7240121,413055.2351709571,387321.34387419285,382231.02854527143,4,309,1,0.0
2013-11-06,386426.9788195,0,54,33,94.74,1,2013,11,6,2,45,0,393322.182909,319494.7050373,323105.11598,322529.418957,426053.69030275714,393869.9437189214,384609.4377915893,4,310,1,0.0
2013-11-07,346293.3400477,0,54,33,94.25,1,2013,11,7,3,45,0,386426.9788195,298195.433106,276059.0800025,305047.0980576,435615.4437002143,398392.93392174284,386891.49350096425,4,311,1,0.0
2013-11-08,358473.978049,0,54,33,94.56,0,2013,11,8,4,45,0,346293.3400477,403637.232955,317570.4260338,402913.849028,442486.57326331426,403409.66678211425,388364.57357203925,4,312,2,0.0
2013-11-11,374087.890067,0,54,33,95.13,1,2013,11,11,0,46,0,587666.490239,424314.167046,346941.91396,342694.7209944,430049.63716859993,416025.84666363575,393683.0019780214,4,315,2,0.0
2013-11-12,373277.748034,0,54,33,93.12,1,2013,11,12,1,46,0,374087.890067,393322.182909,302332.9969864,305242.569986,422874.4547430286,417964.84495699283,394804.1865877571,4,316,2,0.0
2013-11-13,332279.2568851,0,54,33,93.91,0,2013,11,13,2,46,0,373277.748034,386426.9788195,319494.7050373,355696.963943,420010.9640466,423032.32717467856,397234.0143751857,4,317,2,0.0
2013-11-14,284567.4029707,0,54,33,93.76,0,2013,11,14,3,46,0,332279.2568851,346293.3400477,298195.433106,312949.412961,412275.5751988286,423945.5094495214,396397.6676945464,4,318,2,0.0
2013-11-15,349383.296052,0,54,33,93.8,0,2013,11,15,4,46,0,284567.4029707,358473.978049,403637.232955,323327.873107,403457.5841878285,422972.07872557145,395384.02448060707,4,319,3,0.0
2013-11-18,391945.551999,0,54,33,93.03,0,2013,11,18,0,47,0,579209.228924,374087.890067,424314.167046,348721.327971,402410.05872118566,416229.8479448929,399075.8516568643,4,322,3,0.0
2013-11-19,329455.2710234,0,54,33,93.35,0,2013,11,19,1,47,0,391945.551999,373277.748034,393322.182909,301641.7850828,404961.1532829,413917.8040129643,400619.5739435786,4,323,3,0.0
2013-11-20,354337.734795,0,54,33,93.34,0,2013,11,20,2,47,0,329455.2710234,332279.2568851,386426.9788195,323105.11598,398700.79942424287,409355.8817354214,401612.9127271715,4,324,3,0.0
2013-11-21,298047.047965,0,54,33,95.35,0,2013,11,21,3,47,0,354337.734795,284567.4029707,346293.3400477,276059.0800025,401852.0105542286,407063.7928765286,402728.3633991357,4,325,3,0.0
2013-11-22,340734.213038,0,54,33,94.53,0,2013,11,22,4,47,0,298047.047965,349383.296052,358473.978049,317570.4260338,403777.6741248429,403617.6291563357,403513.647969225,4,326,4,0.0
2013-11-25,365965.5090102,0,54,33,93.86,0,2013,11,25,0,48,0,550925.293106,391945.551999,374087.890067,346941.91396,392998.4872519142,397704.27298655,406865.05982509285,4,329,4,0.0
2013-11-26,323292.830024,0,54,33,93.41,0,2013,11,26,1,48,0,365965.5090102,329455.2710234,373277.748034,302332.9969864,389287.0525392285,397124.1029110643,407544.47393402865,4,330,4,0.0
2013-11-27,337083.286026,0,54,33,92.05,0,2013,11,27,2,48,0,323292.830024,354337.734795,332279.2568851,319494.7050373,388406.7038250286,393553.75162463577,408293.0393996571,4,331,4,0.0
2013-11-28,305982.981947,0,54,33,92.3,0,2013,11,28,3,48,0,337083.286026,298047.047965,284567.4029707,298195.433106,385941.78257231426,393896.89656327147,408921.2030063965,4,332,4,0.0
2013-11-29,357000.404165,0,54,33,92.55,0,2013,11,29,4,48,0,305982.981947,340734.213038,349383.296052,403637.232955,387075.4874268857,395426.5807758643,409199.3297507178,4,333,5,0.0
2013-12-02,495488.366984,0,54,33,93.61,0,2013,12,2,0,49,0,698217.128989,365965.5090102,391945.551999,424314.167046,418502.8279946,405750.65762325714,410990.25278407504,4,336,1,0.0
2013-12-03,424438.046973,0,54,33,95.83,0,2013,12,3,1,49,0,495488.366984,323292.830024,329455.2710234,393322.182909,437006.09341942857,413146.57297932863,413532.1884961464,4,337,1,0.0
2013-12-04,424147.0459855,0,54,33,96.97,0,2013,12,4,2,49,0,424438.046973,337083.286026,354337.734795,386426.9788195,451455.4101264286,419931.05697572854,414643.469355575,4,338,1,0.0
2013-12-05,386406.804985,0,54,33,97.14,1,2013,12,5,3,49,0,424147.0459855,305982.981947,298047.047965,346293.3400477,463893.09012064285,424917.4363464786,415990.6146115036,4,339,1,0.0
2013-12-06,432661.755068,0,54,33,97.48,1,2013,12,6,4,49,0,386406.804985,357000.404165,340734.213038,358473.978049,475382.20769749995,431228.8475621929,417423.2383592643,4,340,1,0.0
2013-12-09,442309.3141075,0,54,33,97.1,0,2013,12,9,0,50,0,588855.895921,495488.366984,365965.5090102,374087.890067,469882.74795964285,444192.78797712136,420948.53048183577,4,343,2,0.0
2013-12-10,414421.695986,0,54,33,98.32,0,2013,12,10,1,50,0,442309.3141075,424438.046973,323292.830024,373277.748034,462285.74040585716,449645.91691264283,423385.00991185365,4,344,2,0.0
2013-12-11,422957.198908,0,54,33,97.25,0,2013,12,11,2,50,0,414421.695986,424147.0459855,337083.286026,332279.2568851,460854.833122,456155.1216242143,424854.436624425,4,345,2,0.0
2013-12-12,384256.080979,0,54,33,97.21,0,2013,12,12,3,50,0,422957.198908,386406.804985,305982.981947,284567.4029707,460684.85496807145,462288.9725443571,428092.9345538143,4,346,2,0.0
2013-12-13,434657.0129787,0,54,33,96.27,0,2013,12,13,4,50,0,384256.080979,432661.755068,357000.404165,349383.296052,460377.6086815,467879.90818950004,431653.24448268214,4,347,2,0.0
2013-12-16,516060.290853,0,54,33,97.18,0,2013,12,16,0,51,0,642015.7758165,442309.3141075,495488.366984,391945.551999,470789.85654281423,470336.3022512286,438043.47993724287,4,350,3,0.0
2013-12-17,480470.7168425,0,54,33,96.99,0,2013,12,17,1,51,0,516060.290853,414421.695986,424438.046973,329455.2710234,481325.7103636,471805.7253847286,442476.14918202854,4,351,3,0.0
2013-12-18,527481.336925,0,54,33,97.59,0,2013,12,18,2,51,0,480470.7168425,422957.198908,424147.0459855,354337.734795,490761.28477167146,475808.05894683575,447869.55796128215,4,352,3,0.0
2013-12-19,507461.038187,0,54,33,98.4,0,2013,12,19,3,51,0,527481.336925,384256.080979,386406.804985,298047.047965,505693.3044883857,483189.07972822856,454053.2580373536,4,353,3,0.0
2013-12-20,544104.2676365,0,54,33,99.11,0,2013,12,20,4,51,0,507461.038187,434657.0129787,432661.755068,340734.213038,523294.0126609571,491835.81067122857,461532.32911671075,4,354,3,0.0
2013-12-23,792865.284427,0,54,33,98.62,1,2013,12,23,0,52,0,696295.146867,516060.290853,442309.3141075,365965.5090102,565363.6960072857,518076.77627505,481134.7821260858,4,357,4,0.0
2013-12-24,620663.290732,0,54,33,98.87,1,2013,12,24,1,52,0,792865.284427,480470.7168425,414421.695986,323292.830024,604907.2665178571,543116.4884407286,496381.20267668564,4,358,4,0.0
2013-12-26,470731.1624137,0,54,33,99.18,1,2013,12,26,3,52,0,620663.290732,527481.336925,422957.198908,337083.286026,624934.7770735,557848.0309225857,507001.5762734,4,360,4,0.0
2013-12-27,479314.968043,0,54,33,99.94,0,2013,12,27,4,52,0,470731.1624137,507461.038187,384256.080979,305982.981947,616827.6092861714,561260.4568872786,511774.7147158179,4,361,4,0.0
2013-12-30,635134.7358515,0,54,33,98.9,0,2013,12,30,0,1,0,499719.5049237,696295.146867,642015.7758165,698217.128989,588077.3804836286,572843.4403132786,523597.0624669857,4,364,5,0.0
2013-12-31,507264.6630475,0,54,33,98.17,1,2013,12,31,1,1,0,635134.7358515,792865.284427,516060.290853,495488.366984,579340.1789099857,572351.9374586357,521344.1198549321,4,365,5,0.0
2014-01-01,8602.065404,0,54,33,96.655,1,2014,1,1,2,1,0,507264.6630475,620663.290732,480470.7168425,424438.046973,538540.0901414857,571723.6783296715,521764.7018572,1,1,1,0.0
2014-01-02,801011.226041,0,54,33,95.14,0,2014,1,2,3,1,0,8602.065404,470731.1624137,527481.336925,424147.0459855,451102.7722374857,538018.7746554929,506913.4168011643,1,2,1,0.0
2014-01-03,680672.845603,0,54,33,93.66,0,2014,1,3,4,1,0,801011.226041,479314.968043,507461.038187,386406.804985,498285.6384699571,557556.6238780643,520372.8518031464,1,3,1,0.0
2014-01-06,602268.564009,0,54,33,93.12,0,2014,1,6,0,2,0,949618.78894,635134.7358515,696295.146867,588855.895921,645561.8873558429,616819.6339197357,563611.0889921786,1,6,1,0.0
2014-01-07,563450.5988595,0,54,33,93.31,0,2014,1,7,1,2,0,602268.564009,507264.6630475,792865.284427,442309.3141075,640866.7199497714,610103.4494298786,564090.1128524643,1,7,1,0.0
2014-01-08,636176.853478,0,54,33,91.9,0,2014,1,8,2,2,0,563450.5988595,8602.065404,620663.290732,414421.695986,648893.2822086286,593716.6861750571,568416.5873078929,1,8,2,0.0
2014-01-09,496377.933414,0,54,33,91.36,0,2014,1,9,3,2,0,636176.853478,801011.226041,470731.1624137,422957.198908,738546.8233620572,594824.7977997714,576336.4143611786,1,9,2,0.0
2014-01-10,543055.329066,0,54,33,92.39,0,2014,1,10,4,2,0,496377.933414,680672.845603,479314.968043,384256.080979,695027.7815581999,596656.7100140785,578958.5834506785,1,10,2,0.0
2014-01-13,555547.0150185,0,54,33,91.45,0,2014,1,13,0,3,0,844633.598917,602268.564009,635134.7358515,642015.7758165,639040.6190517858,642301.2532038143,607572.3467585464,1,13,2,0.0
2014-01-14,502643.104285,0,54,33,92.15,0,2014,1,14,1,3,0,555547.0150185,563450.5988595,507264.6630475,516060.290853,632366.1120531429,636616.4160014571,604484.1767300464,1,14,2,0.0
2014-01-15,567067.469069,0,54,33,93.78,0,2014,1,15,2,3,0,502643.104285,636176.853478,8602.065404,480470.7168425,623679.3271139285,636286.3046612786,604004.991495475,1,15,3,0.0
2014-01-16,502789.214207,0,54,33,93.54,0,2014,1,16,3,3,0,567067.469069,496377.933414,801011.226041,527481.336925,613806.557912643,676176.6906373501,607097.7326464214,1,16,3,0.0
2014-01-17,542937.915657,0,54,33,93.96,0,2014,1,17,4,3,0,502789.214207,543055.329066,680672.845603,507461.038187,614722.4551687856,654875.1183634929,606215.8711207786,1,17,3,0.0
2014-01-20,575850.061871,0,54,33,94.235,0,2014,1,20,0,4,0,851735.334091,555547.0150185,602268.564009,696295.146867,615642.8488904285,627341.733971107,622080.6839454214,1,20,3,0.0
2014-01-21,538817.207912,0,54,33,94.51,0,2014,1,21,1,4,0,575850.061871,502643.104285,563450.5988595,792865.284427,618543.2841550715,625454.6981041072,617779.0737669928,1,21,3,0.0
2014-01-22,553097.596874,0,54,33,96.35,0,2014,1,22,2,4,0,538817.207912,567067.469069,636176.853478,620663.290732,623711.0132446429,623695.1701792858,608705.9281771715,1,22,4,0.0
2014-01-23,460789.0398597,0,54,33,97.23,0,2014,1,23,3,4,0,553097.596874,502789.214207,496377.933414,470731.1624137,621715.3172167857,617760.9375647142,606292.8676822429,1,23,4,0.0
2014-01-24,526124.572256,0,54,33,96.66,0,2014,1,24,4,4,0,460789.0398597,542937.915657,543055.329066,479314.968043,615715.2923100286,615218.8737394072,605937.7918767428,1,24,4,0.0
2014-01-27,540798.833711,0,54,33,95.82,0,2014,1,27,0,5,0,814057.732862,575850.061871,555547.0150185,635134.7358515,600373.8843839571,608008.3666371928,625154.8099205036,1,27,4,0.0
2014-01-28,481593.435798,0,54,33,97.49,0,2014,1,28,1,5,0,540798.833711,538817.207912,502643.104285,507264.6630475,595366.5660753858,606954.9251152286,621785.6705583428,1,28,4,0.0
2014-01-29,512853.989922,0,54,33,97.34,0,2014,1,29,2,5,0,481593.435798,553097.596874,567067.469069,8602.065404,587191.7414876714,605451.3773661571,620868.8410137178,1,29,5,0.0
2014-01-30,453642.9707033,0,54,33,98.25,0,2014,1,30,3,5,0,512853.989922,460789.0398597,502789.214207,801011.226041,581442.6547802428,601578.9859985142,638877.838317932,1,30,5,0.0
2014-01-31,560816.192394,0,54,33,97.55,0,2014,1,31,4,5,0,453642.9707033,526124.572256,542937.915657,680672.845603,580421.7877579,598068.5400339643,626471.8291987285,1,31,5,0.0
2014-02-03,461637.5229585,0,54,33,96.44,0,2014,2,3,0,6,0,619805.537102,540798.833711,575850.061871,602268.564009,545483.0226586143,572928.4535212858,600135.0937461965,1,34,1,0.0
2014-02-04,403189.5869763,0,54,33,97.24,0,2014,2,4,1,6,0,461637.5229585,481593.435798,538817.207912,563450.5988595,534174.2639796857,564770.4150275358,595112.5565658214,1,35,1,0.0
2014-02-05,399138.3059075,0,54,33,97.4,0,2014,2,5,2,6,0,403189.5869763,512853.989922,553097.596874,636176.853478,522973.71414801426,555082.7278178429,589388.9489985643,1,36,1,0.0
2014-02-06,359139.101529,0,54,33,97.84,0,2014,2,6,3,6,0,399138.3059075,453642.9707033,460789.0398597,496377.933414,506728.6164316571,544085.63560595,580923.2865853321,1,37,1,0.0
2014-02-07,389471.568011,0,54,33,99.98,0,2014,2,7,4,6,0,359139.101529,560816.192394,526124.572256,543055.329066,493228.0636924715,536824.9257251857,576021.8997322965,1,38,1,0.0
2014-02-10,396622.737011,0,54,33,100.12,0,2014,2,10,0,7,0,520753.7470746,461637.5229585,540798.833711,555547.0150185,437636.84176727146,491559.9322129428,549784.1494250678,1,41,2,0.0
2014-02-11,358382.7339877,0,54,33,99.96,0,2014,2,11,1,7,0,396622.737011,403189.5869763,481593.435798,502643.104285,428349.0152033429,481261.63959151425,544108.2823533714,1,42,2,0.0
2014-02-12,387758.393971,0,54,33,100.38,0,2014,2,12,2,7,0,358382.7339877,399138.3059075,512853.989922,567067.469069,421948.03620497143,472460.8751764929,538956.1262713249,1,43,2,0.0
2014-02-13,347373.2985675,0,54,33,100.27,0,2014,2,13,3,7,0,387758.393971,359139.101529,453642.9707033,502789.214207,420322.33449975715,463525.47546570713,532552.2307321107,1,44,2,0.0
2014-02-14,361206.4069057,0,54,33,100.31,0,2014,2,14,4,7,0,347373.2985675,389471.568011,560816.192394,542937.915657,418641.50550525717,455934.78459886427,527001.6623164143,1,45,2,0.0
2014-02-17,412029.2879535,0,54,33,101.425,0,2014,2,17,0,8,0,595300.23508,396622.737011,461637.5229585,575850.061871,426505.3090545571,432071.0754109143,502499.76446609996,1,48,3,0.0
2014-02-18,365331.247942,0,54,33,102.54,0,2014,2,18,1,8,0,412029.2879535,358382.7339877,403189.5869763,538817.207912,428706.24490348576,428527.6300534143,496649.02254047495,1,49,3,0.0
2014-02-19,360161.6390075,0,54,33,103.46,0,2014,2,19,2,8,0,365331.247942,387758.393971,399138.3059075,553097.596874,429698.88975410006,425823.4629795357,490453.0953986893,1,50,3,0.0
2014-02-20,322451.9201135,0,54,33,103.2,0,2014,2,20,3,8,0,360161.6390075,347373.2985675,359139.101529,460789.0398597,425756.49618788576,423039.41534382146,483562.52547488565,1,51,3,0.0
2014-02-21,369403.653633,0,54,33,102.53,0,2014,2,21,4,8,0,322451.9201135,361206.4069057,389471.568011,526124.572256,422196.29926588567,420418.90238557145,478621.9140553786,1,52,3,0.0
2014-02-24,404224.188997,0,54,33,103.17,0,2014,2,24,0,9,0,487896.463891,412029.2879535,396622.737011,540798.833711,407925.7564810714,417215.5327678143,454387.73249037855,1,55,4,0.0
2014-02-25,351418.110084,0,54,33,102.2,0,2014,2,25,1,9,0,404224.188997,365331.247942,358382.7339877,481593.435798,406810.7423444285,417758.4936239571,449510.0666077357,1,56,4,0.0
2014-02-26,353604.266985,0,54,33,102.93,0,2014,2,26,2,9,0,351418.110084,360161.6390075,387758.393971,512853.989922,404823.1512218571,417261.02048797853,444860.9478322357,1,57,4,0.0
2014-02-27,330330.185244,0,54,33,102.68,0,2014,2,27,3,9,0,353604.266985,322451.9201135,347373.2985675,453642.9707033,403886.3837900714,414821.43998897856,439173.45772734284,1,58,4,0.0
2014-02-28,425624.795466,0,54,33,102.88,0,2014,2,28,4,9,0,330330.185244,369403.653633,361206.4069057,560816.192394,405011.8502372857,413604.0747515857,434769.429675225,1,59,4,0.0
2014-03-03,613973.031386,0,54,33,105.34,1,2014,3,3,0,10,0,667413.052988,404224.188997,412029.2879535,461637.5229585,491996.40823352855,449961.0823573,441016.0788841071,1,62,1,0.0
2014-03-04,748930.902096,0,54,33,103.64,1,2014,3,4,1,10,0,613973.031386,351418.110084,365331.247942,403189.5869763,521960.52857481426,464385.63545962144,446456.6327565178,1,63,1,0.0
2014-03-05,741756.416525,0,54,33,101.75,0,2014,3,5,2,10,0,748930.902096,353604.266985,360161.6390075,399138.3059075,578748.0702908143,491785.6107563357,458804.53686793573,1,64,1,0.0
2014-03-06,614082.444339,0,54,33,101.82,0,2014,3,6,3,10,0,741756.416525,330330.185244,322451.9201135,359139.101529,634198.3773679571,519042.38057901425,471040.8979614178,1,65,1,0.0
2014-03-07,598242.341178,0,54,33,102.82,0,2014,3,7,4,10,0,614082.444339,425624.795466,369403.653633,389471.568011,674734.4143815285,539873.1323094071,480146.0173474893,1,66,1,0.0
2014-03-10,587414.828974,0,54,33,101.39,0,2014,3,10,0,11,0,916117.649984,613973.031386,404224.188997,396622.737011,712349.7206727143,602173.0644531214,509694.2986104679,1,69,2,0.0
2014-03-11,539365.375063,0,54,33,100.29,0,2014,3,11,1,11,0,587414.828974,748930.902096,351418.110084,358382.7339877,708555.6917567143,615258.1101657643,516508.30189486075,1,70,2,0.0
2014-03-12,575676.797032,0,54,33,98.29,0,2014,3,12,2,11,0,539365.375063,741756.416525,353604.266985,387758.393971,678617.7593234285,628682.9148071214,522971.96764755005,1,71,2,0.0
2014-03-13,473298.042544,0,54,33,98.57,0,2014,3,13,3,11,0,575676.797032,614082.444339,330330.185244,347373.2985675,654892.0993958571,644545.2383819071,529683.3391854429,1,72,2,0.0
2014-03-14,530515.2554715,0,54,33,99.23,0,2014,3,14,4,11,0,473298.042544,598242.341178,425624.795466,361206.4069057,634780.0419965715,654757.22818905,534180.6514703179,1,73,2,0.0
2014-03-17,612719.522118,0,54,33,98.43,0,2014,3,17,0,12,0,929808.492772,587414.828974,613973.031386,412029.2879535,623875.5116724999,668112.6161726072,559036.8492649535,1,76,3,0.0
2014-03-18,537427.86875,0,54,33,100.08,0,2014,3,18,1,12,0,612719.522118,539365.375063,748930.902096,365331.247942,627490.4678359285,668023.0797963215,566204.3576279714,1,77,3,0.0
2014-03-19,585974.657018,0,54,33,100.71,0,2014,3,19,2,12,0,537427.86875,575676.797032,741756.416525,360161.6390075,627213.6812197857,652915.720271607,572350.6655139715,1,78,3,0.0
2014-03-20,500897.112641,0,54,33,99.68,0,2014,3,20,3,12,0,585974.657018,473298.042544,614082.444339,322451.9201135,628684.8040749285,641788.4517353929,580415.4161572036,1,79,3,0.0
2014-03-21,548811.469984,0,54,33,99.97,0,2014,3,21,4,12,0,500897.112641,530515.2554715,598242.341178,369403.653633,632627.5283745,633703.7851855357,586788.4587474714,1,80,3,0.0
2014-03-24,571762.044919,0,54,33,100.05,0,2014,3,24,0,13,0,838814.636064,612719.522118,587414.828974,404224.188997,628050.028621,625962.77014675,614067.9172999357,1,83,4,0.0
2014-03-25,539861.6183493,0,54,33,99.66,0,2014,3,25,1,13,0,571762.044919,537427.86875,539365.375063,351418.110084,622198.9604497143,624844.7141428215,620051.4121542928,1,84,4,0.0
2014-03-26,569680.543547,0,54,33,100.61,0,2014,3,26,2,13,0,539861.6183493,585974.657018,575676.797032,353604.266985,622546.6389638999,624880.1600918428,626781.5374494821,1,85,4,0.0
2014-03-27,468581.398304,0,54,33,101.25,0,2014,3,27,3,13,0,569680.543547,500897.112641,473298.042544,330330.185244,620218.9084680428,624451.8562714857,634498.5473266963,1,86,4,0.0
2014-03-28,538905.781947,0,54,33,101.73,0,2014,3,28,4,13,0,468581.398304,548811.469984,530515.2554715,425624.795466,615602.3778484714,624114.9531114857,639436.0906502678,1,87,4,0.0
2014-03-31,651800.509461,0,54,33,101.57,0,2014,3,31,0,14,0,873958.8396415,571762.044919,612719.522118,613973.031386,626440.4813419714,627245.2549814858,647678.9355770464,1,90,5,0.0
2014-04-01,485079.887001,8,54,33,99.69,1,2014,4,1,1,14,0,651800.509461,539861.6183493,537427.86875,748930.902096,637874.5477051142,630036.7540774143,649029.9169368679,2,91,1,0.14545454545454545
2014-04-02,463917.316107,4,54,33,99.6,0,2014,4,2,2,14,0,485079.887001,569680.543547,585974.657018,741756.416525,630048.5860839285,626297.6125239143,639606.6663977607,2,92,1,0.07272727272727272
2014-04-03,388867.961418,120,54,33,100.29,0,2014,4,3,3,14,0,463917.316107,468581.398304,500897.112641,614082.444339,614939.5535925,617579.2310302714,629683.8413828321,2,93,1,2.1818181818181817
2014-04-04,422578.745073,5,54,33,101.16,0,2014,4,4,4,14,0,388867.961418,538905.781947,548811.469984,598242.341178,603551.919751643,609577.1488000571,621640.4669927964,2,94,1,0.09090909090909091
2014-04-07,426091.1040178,3,54,33,100.43,0,2014,4,7,0,15,0,631888.250898,651800.509461,571762.044919,587414.828974,523116.12342899997,574778.3023854857,600370.5362661179,2,97,1,0.05454545454545454
2014-04-08,376663.272105,8,54,33,102.57,0,2014,4,8,1,15,0,426091.1040178,485079.887001,539861.6183493,539365.375063,490871.92265140003,564373.2351782571,594608.9746605393,2,98,2,0.14545454545454545
2014-04-09,375309.082012,4,54,33,103.55,0,2014,4,9,2,15,0,376663.272105,463917.316107,569680.543547,575676.797032,475383.8348091143,552716.2104465214,588798.1852691822,2,99,2,0.07272727272727272
2014-04-10,334052.7571255,119,54,33,103.37,0,2014,4,10,3,15,0,375309.082012,388867.961418,468581.398304,473298.042544,462725.5156526858,538832.5346225929,581642.1954470393,2,100,2,2.1636363636363636
2014-04-11,379646.845927,14,54,33,103.68,0,2014,4,11,4,15,0,334052.7571255,422578.745073,538905.781947,530515.2554715,454894.77218232857,529223.3459669857,576669.1495392357,2,101,2,0.2545454545454545
2014-04-14,381386.309033,8,54,33,104.05,1,2014,4,14,0,16,0,540190.281942,426091.1040178,651800.509461,612719.522118,423124.7522990429,473120.4378640214,550182.8464227536,2,104,2,0.14545454545454545
2014-04-15,364689.054991,45,54,33,103.7,0,2014,4,15,1,16,0,381386.309033,376663.272105,485079.887001,537427.86875,416738.3530155,453805.13783345,541920.9459554321,2,105,3,0.8181818181818182
2014-04-16,411357.084985,45,54,33,103.71,0,2014,4,16,2,16,0,364689.054991,375309.082012,463917.316107,585974.657018,415027.7505706428,445205.79268987855,535751.7026068965,2,106,3,0.8181818181818182
2014-04-17,397464.842904,455,54,33,104.33,0,2014,4,17,3,16,0,411357.084985,334052.7571255,388867.961418,500897.112641,420177.46528107143,441451.4904668786,529515.360748575,2,107,3,8.272727272727273
2014-04-18,394392.184115,37,54,33,104.34,1,2014,4,18,4,16,0,397464.842904,379646.845927,422578.745073,548811.469984,429236.334678,442065.55343016423,525821.3511151107,2,108,3,0.6727272727272727
2014-04-21,398677.396998,28,54,33,104.35,1,2014,4,21,0,17,0,520126.3980386,381386.309033,426091.1040178,571762.044919,423760.08902894286,423442.4206639929,499110.3615247393,2,111,3,0.509090909090909
2014-04-22,370552.249018,49,54,33,101.69,0,2014,4,22,1,17,0,398677.396998,364689.054991,376663.272105,539861.6183493,426230.2444525143,421484.2987340071,492928.7669561321,2,112,4,0.8909090909090909
2014-04-23,372232.595049,58,54,33,101.47,0,2014,4,23,2,17,0,370552.249018,411357.084985,375309.082012,569680.543547,427067.8435992286,421047.79708493577,486882.0037657286,2,113,4,1.0545454545454545
2014-04-24,320875.477858,460,54,33,102.2,0,2014,4,24,3,17,0,372232.595049,397464.842904,334052.7571255,468581.398304,421478.63075122854,420828.04801615,479830.2913193714,2,114,4,8.363636363636363
2014-04-25,357173.708433,22,54,33,100.85,0,2014,4,25,4,17,0,320875.477858,394392.184115,379646.845927,538905.781947,410537.2928875143,419886.81378275715,474555.0798748714,2,115,4,0.4
2014-04-28,362271.9169815,65,54,33,101.13,0,2014,4,28,0,18,0,560508.420995,398677.396998,381386.309033,651800.509461,411050.65476957144,417405.3718992571,445262.90488163935,2,118,4,1.1818181818181819
2014-04-29,326338.348031,73,54,33,101.56,0,2014,4,29,1,18,0,362271.9169815,370552.249018,364689.054991,485079.887001,405849.87191007147,416040.05818129284,434922.5980073715,2,119,5,1.3272727272727274
2014-04-30,357079.964912,86,54,33,100.07,0,2014,4,30,2,18,0,326338.348031,372232.595049,411357.084985,463917.316107,399533.6003405,413300.72196986433,429253.2573298714,2,120,5,1.5636363636363637
2014-05-01,530380.848064,547,54,33,99.69,1,2014,5,1,3,18,0,357079.964912,320875.477858,397464.842904,388867.961418,397368.93889235717,409423.7848217929,425437.63764433574,2,121,1,9.945454545454545
2014-05-02,443284.891212,215,54,33,100.09,0,2014,5,2,4,18,0,530380.848064,357173.708433,394392.184115,422578.745073,427298.27749321435,418917.78519036435,430491.6693102643,2,122,1,3.909090909090909
2014-05-05,427601.704071,67,54,33,99.74,0,2014,5,5,0,19,0,646164.863883,362271.9169815,398677.396998,426091.1040178,467987.51172207145,439519.0832458214,431480.75195490714,2,125,1,1.2181818181818183
2014-05-06,388945.890086,84,54,33,99.81,0,2014,5,6,1,19,0,427601.704071,326338.348031,370552.249018,376663.272105,477320.3384491428,441585.1051796072,431534.70195680717,2,126,1,1.5272727272727273
2014-05-07,391932.183945,71,54,33,101.06,0,2014,5,7,2,19,0,388945.890086,357079.964912,372232.595049,375309.082012,486264.2730284286,442898.9366844643,431973.36688469996,2,127,1,1.290909090909091
2014-05-08,337483.713217,472,54,33,100.52,0,2014,5,8,3,19,0,391932.183945,530380.848064,320875.477858,334052.7571255,491243.16146171425,444306.05017703574,432567.0490965928,2,128,2,8.581818181818182
2014-05-09,381335.196055,218,54,33,100.32,0,2014,5,9,4,19,0,337483.713217,443284.891212,357173.708433,379646.845927,463686.4279121429,445492.3527026786,432689.58324271784,2,129,2,3.963636363636364
2014-05-12,398251.889006,61,54,33,100.89,1,2014,5,12,0,20,0,454512.928937,427601.704071,362271.9169815,381386.309033,422689.0919011428,445338.3018116071,431371.83685543214,2,132,2,1.1090909090909091
2014-05-13,360734.522978,65,54,33,102.01,0,2014,5,13,1,20,0,398251.889006,388945.890086,326338.348031,364689.054991,418496.2611775715,447908.2998133571,431974.17899732507,2,133,2,1.1818181818181819
2014-05-14,356373.806985,151,54,33,102.63,0,2014,5,14,2,20,0,360734.522978,391932.183945,357079.964912,411357.084985,414466.06587642856,450365.1694524285,431832.9457111464,2,134,2,2.7454545454545456
2014-05-15,332272.8296378,534,54,33,101.74,0,2014,5,15,3,20,0,356373.806985,337483.713217,530380.848064,397464.842904,409386.2977392857,450314.7296005,429869.2572111464,2,135,3,9.709090909090909
2014-05-16,380822.742652,1188,54,33,102.31,0,2014,5,16,4,20,0,332272.8296378,381335.196055,443284.891212,394392.184115,408641.88579940004,436164.1568557714,427540.9710230679,2,136,3,21.6
2014-05-19,388814.744958,110,54,33,102.95,0,2014,5,19,0,21,0,634519.7368283,398251.889006,427601.704071,398677.396998,428692.78458658565,425690.9382438643,432605.0107448428,2,139,3,2.0
2014-05-20,354372.33997,157,54,33,102.8,0,2014,5,20,1,21,0,388814.744958,360734.522978,388945.890086,370552.249018,427344.62115115713,422920.4411643642,432252.7731719857,2,140,3,2.8545454545454545
2014-05-21,356898.483031,191,54,33,104.31,0,2014,5,21,2,21,0,354372.33997,356373.806985,391932.183945,372232.595049,426435.73786429997,420450.90187036427,431674.9192774143,2,141,3,3.4727272727272727
2014-05-22,310660.142642,1561,54,33,104.03,0,2014,5,22,3,21,0,356898.483031,332272.8296378,337483.713217,320875.477858,426510.6915851572,417948.4946622214,431127.2724196286,2,142,4,28.381818181818183
2014-05-23,349549.892726,1274,54,33,105.01,0,2014,5,23,4,21,0,310660.142642,380822.742652,381335.196055,357173.708433,423423.1648714714,416032.52533543576,430762.4390190571,2,143,4,23.163636363636364
2014-05-26,373831.086112,188,54,33,104.895,0,2014,5,26,0,22,0,573412.21016,388814.744958,398251.889006,362271.9169815,407190.72502771433,417941.75480715,431640.0283093786,2,146,4,3.418181818181818
2014-05-27,327642.143098,196,54,33,104.78,0,2014,5,27,1,22,0,373831.086112,354372.33997,360734.522978,326338.348031,405050.20233542856,416197.4117432929,432052.855778325,2,147,4,3.5636363636363635
2014-05-28,338481.784057,192,54,33,103.37,0,2014,5,28,2,22,0,327642.143098,356898.483031,356373.806985,357079.964912,401231.6027822857,413833.67032329284,432099.4198878607,2,148,4,3.4909090909090907
2014-05-29,326624.5773325,1586,54,33,104.26,0,2014,5,29,3,22,0,338481.784057,310660.142642,332272.8296378,530380.848064,398600.645786,412555.66868557857,431435.19914303924,2,149,5,28.836363636363636
2014-05-30,375782.6398709,1224,54,33,103.4,0,2014,5,30,4,22,0,326624.5773325,349549.892726,380822.742652,443284.891212,400881.27931321424,412152.2220923429,424158.1894740571,2,150,5,22.254545454545454
2014-06-02,512725.7729758,195,54,33,103.07,0,2014,6,2,0,23,0,742732.830236,373831.086112,388814.744958,427601.704071,440326.78981362854,423758.75742067146,424724.8478322678,2,153,1,3.5454545454545454
2014-06-03,443636.187975,213,54,33,103.34,0,2014,6,3,1,23,0,512725.7729758,327642.143098,354372.33997,388945.890086,460168.88793702854,432609.5451362286,427764.99315029645,2,154,1,3.8727272727272726
2014-06-04,423284.494993,236,54,33,103.27,0,2014,6,4,2,23,0,443636.187975,338481.784057,356898.483031,391932.183945,476739.46577659994,438985.53427944286,429718.21807490365,2,155,1,4.290909090909091
2014-06-05,359474.513823,1616,54,33,103.17,0,2014,6,5,3,23,0,423284.494993,326624.5773325,310660.142642,337483.713217,488854.13876745716,443727.3922767286,430837.943469475,2,156,1,29.381818181818183
2014-06-06,391266.125449,1264,54,33,103.32,0,2014,6,6,4,23,0,359474.513823,375782.6398709,349549.892726,381335.196055,493546.98683752853,447214.13307537144,431623.32920540357,2,157,1,22.98181818181818
2014-06-09,415798.946041,199,54,33,105.09,0,2014,6,9,0,24,0,626026.956957,512725.7729758,373831.086112,398251.889006,473365.2161709714,456846.0029923,437393.878899725,2,160,2,3.618181818181818
2014-06-10,351689.4229725,199,54,33,105.02,0,2014,6,10,1,24,0,415798.946041,443636.187975,327642.143098,360734.522978,459518.52660885715,459843.7072729428,438020.55950811785,2,161,2,3.618181818181818
2014-06-11,373828.16418,258,54,33,105.04,0,2014,6,11,2,24,0,351689.4229725,423284.494993,338481.784057,356373.806985,446383.2744656428,461561.3701211214,437697.5202222072,2,162,2,4.6909090909090905
2014-06-12,329408.06736,1979,54,33,107.2,1,2014,6,12,3,24,0,373828.16418,359474.513823,326624.5773325,332272.8296378,439318.0843495,464086.1115584786,438320.8901220286,2,163,2,35.981818181818184
2014-06-13,392308.374573,1335,54,33,107.49,0,2014,6,13,4,24,0,329408.06736,391266.125449,375782.6398709,380822.742652,435022.87771192857,464284.93227472855,438218.57718353573,2,164,2,24.272727272727273
2014-06-16,447450.23987,338,54,33,107.52,0,2014,6,16,0,25,0,441279.9339945,415798.946041,512725.7729758,388814.744958,418055.128295,445710.1722329858,434734.4648268286,2,167,3,6.1454545454545455
2014-06-17,380396.036044,380,54,33,106.95,0,2014,6,17,1,25,0,447450.23987,351689.4229725,443636.187975,354372.33997,422576.74169914285,441047.63415399997,436828.5896451143,2,168,3,6.909090909090909
2014-06-18,373408.6641423,425,54,33,106.64,0,2014,6,18,2,25,0,380396.036044,373828.16418,423284.494993,356898.483031,426677.6864236429,436530.48044464283,437758.0073620429,2,169,3,7.7272727272727275
2014-06-19,332280.93509600003,2359,54,33,107.08,0,2014,6,19,3,25,0,373408.6641423,329408.06736,359474.513823,310660.142642,426617.7578468286,432967.9210981643,438347.6566874464,2,170,3,42.89090909090909
2014-06-20,369206.789547,1933,54,33,107.95,1,2014,6,20,4,25,0,332280.93509600003,392308.374573,391266.125449,349549.892726,427028.1675234,431025.5226176643,439119.82784651784,2,171,3,35.14545454545455
2014-06-23,414929.6359765,237,54,33,106.83,1,2014,6,23,0,26,0,591184.1240535,447450.23987,415798.946041,373831.086112,433220.09198840003,425637.6101417,441241.80656699993,2,174,4,4.3090909090909095
2014-06-24,340464.7450455,266,54,33,106.64,0,2014,6,24,1,26,0,414929.6359765,380396.036044,351689.4229725,327642.143098,428574.29143218574,425575.5165656643,442709.61191930354,2,175,4,4.836363636363636
2014-06-25,355342.398017,354,54,33,107.04,1,2014,6,25,2,26,0,340464.7450455,373408.6641423,373828.16418,338481.784057,422869.8212895429,424773.75385659287,443167.56198885717,2,176,4,6.4363636363636365
2014-06-26,315798.180924,2168,54,33,106.49,0,2014,6,26,3,26,0,355342.398017,332280.93509600003,329408.06736,326624.5773325,420288.9261287857,423453.3419878071,443769.7267731429,2,177,4,39.41818181818182
2014-06-27,370793.573429,2732,54,33,106.46,0,2014,6,27,4,26,0,315798.180924,369206.789547,392308.374573,375782.6398709,417934.24696135713,422481.20724237856,443383.0697585536,2,178,4,49.67272727272727
2014-06-30,429324.0552005,352,54,33,106.07,1,2014,6,30,0,27,0,567218.8850125,414929.6359765,447450.23987,512725.7729758,410774.0331977857,421997.06259309285,433853.6174130393,2,181,5,6.4
2014-07-01,720480.616788,2320,54,33,106.06,1,2014,7,1,1,27,0,429324.0552005,340464.7450455,380396.036044,443636.187975,412830.37880121433,420702.3351167,430874.98463535,3,182,1,42.18181818181818
2014-07-02,747430.1471275,4310,54,33,105.18,0,2014,7,2,2,27,0,720480.616788,355342.398017,373408.6641423,423284.494993,467118.3604787142,444994.0908841286,440762.2856643857,3,183,1,78.36363636363636
2014-07-03,583844.7207922,2383,54,33,104.76,1,2014,7,3,3,27,0,747430.1471275,315798.180924,332280.93509600003,359474.513823,523130.89606592857,471709.91109735717,452338.9160977607,3,184,1,43.32727272727273
2014-07-04,595424.31324,4056,54,33,104.475,1,2014,7,4,4,27,0,583844.7207922,370793.573429,369206.789547,391266.125449,561423.2589042429,489678.7529328,460352.1377752321,3,185,1,73.74545454545455
2014-07-07,638526.428909,492,54,33,104.19,0,2014,7,7,0,28,0,918276.596259,429324.0552005,414929.6359765,415798.946041,687441.0799392714,549107.5565685285,487372.58335511433,3,188,1,8.945454545454545
2014-07-08,557291.4975265,2183,54,33,104.06,1,2014,7,8,1,28,0,638526.428909,720480.616788,340464.7450455,351689.4229725,717327.1333262,565078.756063707,495327.13631468575,3,189,2,39.69090909090909
2014-07-09,574451.409963,4281,54,33,102.93,1,2014,7,9,2,28,0,557291.4975265,747430.1471275,355342.398017,373828.16418,694014.4020031287,580566.3812409214,502670.0675487571,3,190,2,77.83636363636364
2014-07-10,498047.54898,2465,54,33,103.61,0,2014,7,10,3,28,0,574451.409963,583844.7207922,315798.180924,329408.06736,669303.1538367715,596217.0249513501,509835.18346957857,3,191,2,44.81818181818182
2014-07-11,535644.182793,4057,54,33,101.48,0,2014,7,11,4,28,0,498047.54898,595424.31324,370793.573429,392308.374573,657046.4150064571,609234.83695535,515858.02209886425,3,192,2,73.76363636363637
2014-07-14,584867.15114,617,54,33,101.73,0,2014,7,14,0,29,0,733653.779849,638526.428909,429324.0552005,447450.23987,613473.3714744287,650457.2257068501,536227.1441499714,3,195,2,11.218181818181819
2014-07-15,562860.0268329,2329,54,33,100.56,0,2014,7,15,1,29,0,584867.15114,557291.4975265,720480.616788,380396.036044,605807.7603645715,661567.4468453858,541134.8909810429,3,196,3,42.345454545454544
2014-07-16,621336.4939885,4446,54,33,101.88,0,2014,7,16,2,29,0,562860.0268329,574451.409963,747430.1471275,373408.6641423,606603.2645512,650308.8332771643,547651.4620806464,3,197,3,80.83636363636364
2014-07-17,498221.7050971,2416,54,33,103.84,0,2014,7,17,3,29,0,621336.4939885,498047.54898,583844.7207922,332280.93509600003,613301.1336977,641302.1437672358,556506.0274322964,3,198,3,43.92727272727273
2014-07-18,547619.0590519,4275,54,33,103.83,0,2014,7,18,4,29,0,498221.7050971,535644.182793,595424.31324,369206.789547,613326.0131430001,635186.2140747287,562432.4835037643,3,199,3,77.72727272727273
2014-07-21,600228.430008,592,54,33,105.34,0,2014,7,21,0,30,0,776474.1180457,584867.15114,638526.428909,414929.6359765,617195.2543371571,615334.312905793,582220.9347371607,3,202,3,10.763636363636364
2014-07-22,530276.040011,2287,54,33,104.59,0,2014,7,22,1,30,0,600228.430008,562860.0268329,557291.4975265,340464.7450455,619389.7227468714,612598.7415557215,588838.7488097142,3,203,4,41.58181818181818
2014-07-23,574168.635995,4459,54,33,103.81,1,2014,7,23,2,30,0,530276.040011,621336.4939885,574451.409963,355342.398017,614734.8674866001,610669.0660189,595617.7236299107,3,204,4,81.07272727272728
2014-07-24,484618.8170115,2425,54,33,102.76,1,2014,7,24,3,30,0,574168.635995,498221.7050971,498047.54898,315798.180924,607996.6020589572,610648.8678783287,603432.9464148392,3,205,4,44.09090909090909
2014-07-25,579767.285128,4395,54,33,105.23,1,2014,7,25,4,30,0,484618.8170115,547619.0590519,535644.182793,370793.573429,606053.3323324429,609689.6727377215,609462.2548465357,3,206,4,79.9090909090909
2014-07-28,583936.68549,557,54,33,105.68,0,2014,7,28,0,31,0,747307.86662,600228.430008,584867.15114,429324.0552005,600755.2321143142,608975.2432257357,629716.2344662929,3,209,4,10.127272727272727
2014-07-29,524743.3250017,2207,54,33,104.91,0,2014,7,29,1,31,0,583936.68549,530276.040011,562860.0268329,720480.616788,598427.8400403142,608908.781393593,635238.1141194893,3,210,5,40.127272727272725
2014-07-30,578056.965281,4640,54,33,104.29,0,2014,7,30,2,31,0,524743.3250017,574168.635995,621336.4939885,747430.1471275,597637.4521818429,606186.1598342214,628247.4965556929,3,211,5,84.36363636363636
2014-07-31,532423.558194,2319,54,33,98.23,0,2014,7,31,3,31,0,578056.965281,484618.8170115,498221.7050971,583844.7207922,598192.9277941285,603094.7649265429,622198.4543468893,3,212,5,42.163636363636364
2014-08-01,506826.7949305,4407,54,33,97.86,0,2014,8,1,4,31,0,532423.558194,579767.285128,547619.0590519,595424.31324,605022.1765344858,605537.7544334643,620361.9842540964,3,213,1,80.12727272727273
2014-08-04,471173.304022,402,54,33,98.26,0,2014,8,4,0,32,0,625898.205888,583936.68549,600228.430008,638526.428909,568345.5960934571,584550.4141038858,599942.3635048392,3,216,1,7.3090909090909095
2014-08-05,417197.476176,395,54,33,97.34,1,2014,8,5,1,32,0,471173.304022,524743.3250017,530276.040011,557291.4975265,552236.5415980286,575332.1908191715,593965.4661874464,3,217,1,7.181818181818182
2014-08-06,402914.370941,515,54,33,96.93,0,2014,8,6,2,32,0,417197.476176,578056.965281,574168.635995,574451.409963,536872.8489086429,567255.1505452428,588962.1082820714,3,218,1,9.363636363636363
2014-08-07,359701.532989,2310,54,33,97.34,0,2014,8,7,3,32,0,402914.370941,532423.558194,484618.8170115,498047.54898,511852.4782886429,555022.7030413857,582835.7854598572,3,219,1,42.0
2014-08-08,397759.9389829,4308,54,33,97.61,0,2014,8,8,4,32,0,359701.532989,506826.7949305,579767.285128,535644.182793,487177.9032593571,546100.0398969215,577894.8563173214,3,220,2,78.32727272727273
2014-08-11,409544.575013,530,54,33,98.09,0,2014,8,11,0,33,0,509681.7650025,471173.304022,583936.68549,584867.15114,436374.4535996286,502360.0248465429,555667.6340361394,3,223,2,9.636363636363637
2014-08-12,353898.211991,488,54,33,97.36,0,2014,8,12,1,33,0,409544.575013,417197.476176,524743.3250017,562860.0268329,427570.3494554857,489903.44552675716,549406.113460175,3,224,2,8.872727272727273
2014-08-13,372116.544964,623,54,33,97.57,0,2014,8,13,2,33,0,353898.211991,402914.370941,578056.965281,621336.4939885,418527.5974290572,477700.22316885,541943.1915015357,3,225,2,11.327272727272728
2014-08-14,340740.8170565,2331,54,33,95.54,0,2014,8,14,3,33,0,372116.544964,359701.532989,532423.558194,498221.7050971,414127.9080037714,462990.1931462072,533042.4790363751,3,226,2,42.38181818181818
2014-08-15,402631.8400593,4456,54,33,97.3,1,2014,8,15,4,33,0,340740.8170565,397759.9389829,506826.7949305,547619.0590519,411419.2342991286,449298.5687792428,527418.1616063536,3,227,3,81.01818181818182
2014-08-18,433042.298907,514,54,33,96.44,0,2014,8,18,0,34,0,564443.173007,409544.575013,471173.304022,600228.430008,425338.7596086857,430856.60660415713,507703.51035402145,3,230,3,9.345454545454546
2014-08-19,379329.9530773,512,54,33,94.35,0,2014,8,19,1,34,0,433042.298907,353898.211991,417197.476176,530276.040011,428695.5773078286,428132.9633816571,501732.5771004143,3,231,3,9.309090909090909
2014-08-20,398126.790988,582,54,33,96.4,0,2014,8,20,2,34,0,379329.9530773,372116.544964,402914.370941,574168.635995,432328.6831773,425428.1403031786,496341.64542421076,3,232,3,10.581818181818182
2014-08-21,355108.8749955,2412,54,33,93.97,0,2014,8,21,3,34,0,398126.790988,340740.8170565,359701.532989,484618.8170115,436044.4326093,425086.1703065357,490054.4366739607,3,233,3,43.85454545454545
2014-08-22,388359.8983235,4479,54,33,93.61,0,2014,8,22,4,34,0,355108.8749955,402631.8400593,397759.9389829,579767.285128,438097.0123148714,424758.123307,485429.0816019607,3,234,4,81.43636363636364
2014-08-25,412250.075007,591,54,33,95.39,0,2014,8,25,0,35,0,528990.5611087,433042.298907,409544.575013,583936.68549,426090.9408005714,425714.85020462854,464037.43752558576,3,237,4,10.745454545454546
2014-08-26,355053.9079745,516,54,33,95.78,0,2014,8,26,1,35,0,412250.075007,379329.9530773,353898.211991,524743.3250017,423120.6231005714,425908.1002042,457905.77286547853,3,238,4,9.381818181818181
2014-08-27,366321.498077,623,54,33,95.82,0,2014,8,27,2,35,0,355053.9079745,398126.790988,372116.544964,578056.965281,419652.6166573143,425990.6499173072,451845.43654307857,3,239,4,11.327272727272728
2014-08-28,327912.427,2175,54,33,96.44,0,2014,8,28,3,35,0,366321.498077,355108.8749955,340740.8170565,532423.558194,415109.0033843143,425576.7179968071,444283.4555715071,3,240,4,39.54545454545455
2014-08-29,403288.917062,4268,54,33,97.86,0,2014,8,29,4,35,0,327912.427,388359.8983235,402631.8400593,506826.7949305,411223.79652781424,424660.4044213429,436979.4866002929,3,241,5,77.6
2014-09-01,812526.219024,633,54,33,95.39,0,2014,9,1,0,36,0,660088.183052,412250.075007,433042.298907,471173.304022,444469.8146149286,435280.37770775,433068.4921559536,3,244,1,11.50909090909091
2014-09-02,717351.552768,2300,54,33,92.92,0,2014,9,2,1,36,0,812526.219024,355053.9079745,379329.9530773,417197.476176,501652.1209030714,462386.37200182147,445259.66769173933,3,245,1,41.81818181818182
2014-09-03,726683.8617375,4724,54,33,95.5,0,2014,9,3,2,36,0,717351.552768,366321.498077,398126.790988,402914.370941,553408.9273021428,486530.7719797286,455979.4561414536,3,246,1,85.89090909090909
2014-09-04,551340.0774347,2657,54,33,94.51,0,2014,9,4,3,36,0,726683.8617375,327912.427,355108.8749955,359701.532989,604889.2649679285,509999.13417612144,467542.65224132856,3,247,1,48.30909090909091
2014-09-05,603043.241921,4802,54,33,93.32,0,2014,9,5,4,36,0,551340.0774347,403288.917062,388359.8983235,397759.9389829,636807.5007443142,524015.6486360643,474386.88597153215,3,248,1,87.30909090909091
2014-09-08,648651.744928,802,54,33,92.64,0,2014,9,8,0,37,0,997964.077948,812526.219024,412250.075007,409544.575013,754149.7824013858,599309.7985081571,512512.32435639284,3,251,2,14.581818181818182
2014-09-09,562420.568002,2511,54,33,92.73,0,2014,9,9,1,37,0,648651.744928,717351.552768,355053.9079745,353898.211991,730739.1432448142,616195.6320739428,521051.8661390714,3,252,2,45.654545454545456
2014-09-10,612987.4722337,4874,54,33,91.71,0,2014,9,10,2,37,0,562420.568002,726683.8617375,366321.498077,372116.544964,708606.1454211,631007.5363616215,528499.0931394643,3,253,2,88.61818181818182
2014-09-11,483462.953022,2737,54,33,92.89,0,2014,9,11,3,37,0,612987.4722337,551340.0774347,327912.427,340740.8170565,692363.8040634143,648626.5345156714,537101.6262562393,3,254,2,49.763636363636365
2014-09-12,564382.847851,4727,54,33,92.18,0,2014,9,12,4,37,0,483462.953022,603043.241921,403288.917062,402631.8400593,682667.0720044571,659737.2863743856,542198.8453978642,3,255,2,85.94545454545455
2014-09-15,630710.5728885,870,54,33,92.86,0,2014,9,15,0,38,0,896501.5622945,648651.744928,812526.219024,433042.298907,652029.9123507428,703089.8473760643,569185.1125419071,3,258,3,15.818181818181818
2014-09-16,608239.973016,2647,54,33,94.91,0,2014,9,16,1,38,0,630710.5728885,562420.568002,717351.552768,379329.9530773,649466.8877736714,690103.0155092429,576244.6937555321,3,259,3,48.127272727272725
2014-09-17,617472.3442115,4999,54,33,94.33,0,2014,9,17,2,38,0,608239.973016,612987.4722337,726683.8617375,398126.790988,656012.5170613857,682309.3312412428,584420.0516104858,3,260,3,90.89090909090909
2014-09-18,479500.843061,2683,54,33,93.07,0,2014,9,18,3,38,0,617472.3442115,483462.953022,551340.0774347,355108.8749955,656653.2130582143,674508.5085608143,592253.8213684679,3,261,3,48.78181818181818
2014-09-19,550213.093909,4614,54,33,92.43,0,2014,9,19,4,38,0,479500.843061,564382.847851,603043.241921,388359.8983235,656087.1973495,669377.1346769787,596696.3916565215,3,262,3,83.89090909090909
2014-09-22,589120.293928,798,54,33,91.46,0,2014,9,22,0,39,0,901420.451004,630710.5728885,648651.744928,412250.075007,656578.2915952858,654304.1019730143,626806.9502405857,3,265,4,14.50909090909091
2014-09-23,559954.304399,2593,54,33,91.55,0,2014,9,23,1,39,0,589120.293928,608239.973016,562420.568002,355053.9079745,650636.8231723572,650051.8554730143,633123.7437734787,3,266,4,47.14545454545455
2014-09-24,598183.114508,4837,54,33,93.6,0,2014,9,24,2,39,0,559954.304399,617472.3442115,612987.4722337,366321.498077,643738.8705127857,649875.6937870858,640441.6150743535,3,267,4,87.94545454545455
2014-09-25,466867.377076,2489,54,33,93.59,0,2014,9,25,3,39,0,598183.114508,479500.843061,483462.953022,327912.427,640983.2662694285,648818.2396638214,648722.3870897463,3,268,4,45.25454545454546
2014-09-26,515474.223943,4319,54,33,95.55,0,2014,9,26,4,39,0,466867.377076,550213.093909,564382.847851,403288.917062,639178.4854144285,647632.8413819643,653685.063878175,3,269,4,78.52727272727273
2014-09-29,586682.822002,582,54,33,94.53,0,2014,9,29,0,40,0,886531.789814,589120.293928,630710.5728885,812526.219024,628190.49595,642384.393772643,672737.1205743536,3,272,5,10.581818181818182
2014-09-30,599093.9157257,2278,54,33,91.17,0,2014,9,30,1,40,0,586682.822002,559954.304399,608239.973016,717351.552768,627842.2856748571,639239.5544236072,664671.284966425,3,273,5,41.41818181818182
2014-10-01,784500.253914,4804,54,33,90.74,0,2014,10,1,2,40,0,599093.9157257,598183.114508,617472.3442115,726683.8617375,633433.6587215286,638586.2646171572,660447.7979292,4,274,1,87.34545454545454
2014-10-02,634306.519052,2616,54,33,91.02,0,2014,10,2,3,40,0,784500.253914,466867.377076,479500.843061,551340.0774347,660050.3929223857,650516.8295959072,662512.6690783607,4,275,1,47.56363636363636
2014-10-03,675639.295098,4482,54,33,89.76,0,2014,10,3,4,40,0,634306.519052,515474.223943,550213.093909,603043.241921,683970.2703475285,661574.3778809785,665475.7562789785,4,276,1,81.49090909090908
2014-10-06,641480.757266,606,54,33,90.33,0,2014,10,6,0,41,0,985466.962071,586682.822002,589120.293928,648651.744928,742429.6115546713,685310.0537523357,669807.077862675,4,279,1,11.018181818181818
2014-10-07,586410.2709706,2353,54,33,88.89,1,2014,10,7,1,41,0,641480.757266,599093.9157257,559954.304399,562420.568002,750257.8880209571,689050.086847907,669550.9711604608,4,280,1,42.78181818181818
2014-10-08,620201.323059,4784,54,33,87.29,0,2014,10,8,2,41,0,586410.2709706,784500.253914,598183.114508,612987.4722337,748445.9387702286,690939.7987458786,670407.7462664822,4,281,2,86.98181818181818
2014-10-09,510519.923104,2450,54,33,85.76,1,2014,10,9,3,41,0,620201.323059,634306.519052,466867.377076,483462.953022,724974.6629338,692512.5279280927,670665.3837959571,4,282,2,44.54545454545455
2014-10-10,702470.317955,4569,54,33,85.87,1,2014,10,10,4,41,0,510519.923104,675639.295098,515474.223943,564382.847851,707290.863512657,695630.5669300928,671631.7041560285,4,283,2,83.07272727272728
2014-10-13,611726.926015,565,54,33,85.73,0,2014,10,13,0,42,0,843971.132714,641480.757266,586682.822002,630710.5728885,664766.1255439428,703597.8685493071,672991.1311609749,4,286,2,10.272727272727273
2014-10-14,550589.573294,2357,54,33,81.72,0,2014,10,14,1,42,0,611726.926015,586410.2709706,599093.9157257,608239.973016,660515.5782223714,705386.7331216643,672313.1437726357,4,287,2,42.85454545454545
2014-10-15,624797.469491,4945,54,33,81.82,0,2014,10,15,2,42,0,550589.573294,620201.323059,784500.253914,617472.3442115,655398.3356971428,701922.1372336857,670254.2009254213,4,288,3,89.9090909090909
2014-10-16,538252.607117,2557,54,33,82.33,0,2014,10,16,3,42,0,624797.469491,510519.923104,634306.519052,479500.843061,656054.9280445714,690514.7954891856,670515.8125425464,4,289,3,46.49090909090909
2014-10-17,558538.135999,4551,54,33,82.8,0,2014,10,17,4,42,0,538252.607117,702470.317955,675639.295098,550213.093909,660016.7400464285,683653.8017795429,672614.0898302607,4,290,3,82.74545454545455
2014-10-20,624629.990941,609,54,33,82.76,0,2014,10,20,0,43,0,935410.595877,611726.926015,641480.757266,589120.293928,662879.4683692857,663822.7969566144,674566.425354475,4,293,3,11.072727272727272
2014-10-21,542207.165266,2086,54,33,83.25,0,2014,10,21,1,43,0,624629.990941,550589.573294,586410.2709706,559954.304399,664722.7633587143,662619.1707905428,675834.628819225,4,294,3,37.92727272727273
2014-10-22,584926.355993,4755,54,33,80.52,0,2014,10,22,2,43,0,542207.165266,624797.469491,620201.323059,598183.114508,663525.2764975715,659461.8060973572,675200.8024216179,4,295,4,86.45454545454545
2014-10-23,492233.2322,2526,54,33,82.81,0,2014,10,23,3,43,0,584926.355993,538252.607117,510519.923104,466867.377076,657829.4031407143,656942.1655926429,674727.3467603679,4,296,4,45.92727272727273
2014-10-24,528403.680064,4477,54,33,81.27,0,2014,10,24,4,43,0,492233.2322,558538.135999,702470.317955,515474.223943,651255.206724,655635.9733852145,675633.2701576536,4,297,4,81.4
2014-10-27,572806.6319285,583,54,33,81.26,0,2014,10,27,0,44,0,892128.498949,624629.990941,611726.926015,586682.822002,631922.1648742857,647400.8166217858,675499.3425855463,4,300,4,10.6
2014-10-28,512678.811505,2327,54,33,81.36,0,2014,10,28,1,44,0,572806.6319285,542207.165266,550589.573294,599093.9157257,624518.8278724999,644620.795615607,675003.7643686356,4,301,4,42.30909090909091
2014-10-29,560819.6780005,4953,54,33,82.25,0,2014,10,29,2,44,0,512678.811505,584926.355993,624797.469491,784500.253914,620300.4916209286,641912.8840592501,671917.5106464679,4,302,5,90.05454545454545
2014-10-30,459715.26616,2357,54,33,81.06,0,2014,10,30,3,44,0,560819.6780005,492233.2322,538252.607117,634306.519052,616856.6804791428,637343.0418099286,663928.918649557,4,303,5,42.85454545454545
2014-10-31,561876.0719155,4421,54,33,80.53,0,2014,10,31,4,44,0,459715.26616,528403.680064,558538.135999,675639.295098,612211.2567591429,631733.2317415714,657693.5167605571,4,304,5,80.38181818181818
2014-11-03,973192.041735,690,54,33,78.77,1,2014,11,3,0,45,0,709851.4922288,572806.6319285,624629.990941,641480.757266,607326.7428034,619624.4538388429,641723.6253977285,4,307,1,12.545454545454545
2014-11-04,702751.953595,2373,54,33,77.15,0,2014,11,4,1,45,0,973192.041735,512678.811505,542207.165266,586410.2709706,664524.6584900429,644521.7431812715,653570.456985907,4,308,1,43.14545454545455
2014-11-05,718799.9390395,4858,54,33,78.71,0,2014,11,5,2,45,0,702751.953595,560819.6780005,584926.355993,620201.323059,691677.9645028999,655989.2280619143,657725.5170796356,4,309,1,88.32727272727273
2014-11-06,566118.381055,2519,54,33,77.87,1,2014,11,6,3,45,0,718799.9390395,459715.26616,492233.2322,510519.923104,714246.5732227572,665551.62685095,661246.8962217964,4,310,1,45.8
2014-11-07,585330.25773,4392,54,33,78.71,1,2014,11,7,4,45,0,566118.381055,561876.0719155,528403.680064,702470.317955,729447.018207757,670829.1374834499,663232.5554343321,4,311,1,79.85454545454546
2014-11-10,593376.793073,540,54,33,77.43,1,2014,11,10,0,46,0,941478.422301,973192.041735,572806.6319285,611726.926015,757676.5200626429,682501.6314330214,664951.2240274036,4,314,2,9.818181818181818
2014-11-11,552505.750307,2362,54,33,77.85,1,2014,11,11,1,46,0,593376.793073,702751.953595,512678.811505,550589.573294,703417.1988252142,683970.9286576285,664295.8621366179,4,315,2,42.945454545454545
2014-11-12,588093.484021,4810,54,33,77.16,1,2014,11,12,2,46,0,552505.750307,718799.9390395,560819.6780005,624797.469491,681953.4554983572,686815.7100006286,664364.2970299394,4,316,2,87.45454545454545
2014-11-13,468057.386823,2503,54,33,74.13,0,2014,11,13,3,46,0,588093.484021,566118.381055,459715.26616,538252.607117,663281.1047814285,688763.8390020927,663053.4404060107,4,317,2,45.50909090909091
2014-11-14,553007.970965,4434,54,33,75.91,0,2014,11,14,4,46,0,468057.386823,585330.25773,561876.0719155,558538.135999,649272.3913197143,689359.7047637356,660546.4682526535,4,318,2,80.61818181818182
2014-11-17,620876.340058,754,54,33,75.64,0,2014,11,17,0,47,0,956619.401927,593376.793073,973192.041735,624629.990941,642540.7126132856,700108.6163379643,659866.5350884035,4,321,3,13.709090909090909
2014-11-18,553367.204141,2663,54,33,74.55,0,2014,11,18,1,47,0,620876.340058,552505.750307,702751.953595,542207.165266,646469.2193254286,674943.2090753213,659732.4761282963,4,322,3,48.41818181818182
2014-11-19,580234.0113007,5147,54,33,74.55,0,2014,11,19,2,47,0,553367.204141,588093.484021,718799.9390395,584926.355993,646592.2841588572,664272.8698286071,660131.0489452608,4,323,3,93.58181818181818
2014-11-20,511855.7610447,2824,54,33,75.63,0,2014,11,20,3,47,0,580234.0113007,468057.386823,566118.381055,492233.2322,645469.5023416715,654375.3035615499,659963.46520625,4,324,3,51.345454545454544
2014-11-21,567978.732759,4573,54,33,76.52,0,2014,11,21,4,47,0,511855.7610447,553007.970965,585330.25773,528403.680064,651726.4129447713,650499.4021322428,660664.2698078464,4,325,3,83.14545454545454
2014-11-24,610847.95702,710,54,33,75.74,0,2014,11,24,0,48,0,907432.656994,620876.340058,593376.793073,572806.6319285,643637.8364129143,643089.2745131,662795.4529730607,4,328,4,12.909090909090908
2014-11-25,541225.608011,2544,54,33,74.04,0,2014,11,25,1,48,0,610847.95702,553367.204141,552505.750307,512678.811505,642205.2102646286,644337.2147950286,664154.0717263286,4,329,4,46.25454545454546
2014-11-26,579125.306002,5021,54,33,73.7,0,2014,11,26,2,48,0,541225.608011,580234.0113007,588093.484021,560819.6780005,640470.6965317714,643531.4903453143,665173.6001729714,4,330,4,91.2909090909091
2014-11-27,475823.897052,2774,54,33,69.82,0,2014,11,27,3,48,0,579125.306002,511855.7610447,468057.386823,459715.26616,640312.3100605287,642890.9062011,665827.3726015965,4,331,4,50.43636363636364
2014-11-28,559619.825094,4654,54,33,65.94,1,2014,11,28,4,48,0,475823.897052,567978.732759,553007.970965,561876.0719155,635164.9009187144,643445.6569317428,666402.6808477392,4,332,4,84.61818181818182
2014-12-01,817413.561974,1423,54,33,68.98,1,2014,12,1,0,49,0,1023691.281592,610847.95702,620876.340058,973192.041735,663036.9971295714,653337.416771243,676723.0165546036,4,335,1,25.87272727272727
2014-12-02,735319.1840285,3045,54,33,66.99,0,2014,12,2,1,49,0,817413.561974,541225.608011,553367.204141,702751.953595,692546.3692658572,667375.7897652428,671159.4994202822,4,336,1,55.36363636363637
2014-12-03,715127.614539,5359,54,33,67.3,0,2014,12,3,2,49,0,735319.1840285,579125.306002,580234.0113007,718799.9390395,720274.0229826429,680372.3597572071,672322.6147929073,4,337,1,97.43636363636364
2014-12-04,578961.517004,3216,54,33,66.73,0,2014,12,4,3,49,0,715127.614539,475823.897052,511855.7610447,566118.381055,739702.9242022142,690007.6171313714,672191.4603464607,4,338,1,58.472727272727276
2014-12-05,635445.153317,4849,54,33,65.89,1,2014,12,5,4,49,0,578961.517004,559619.825094,567978.732759,585330.25773,754436.869909643,694800.8854141786,672650.1437732106,4,339,1,88.16363636363636
2014-12-08,790283.289992,922,54,33,63.13,1,2014,12,8,0,50,0,1013889.8074,817413.561974,610847.95702,593376.793073,760791.9349117856,711914.4660206785,677501.8702668892,4,342,2,16.763636363636362
2014-12-09,665123.962957,2992,54,33,63.74,0,2014,12,9,1,50,0,790283.289992,735319.1840285,541225.608011,552505.750307,756916.1817714999,724731.2755186785,684534.2451568536,4,343,2,54.4
2014-12-10,732121.033873,5562,54,33,60.99,0,2014,12,10,2,50,0,665123.962957,715127.614539,579125.306002,588093.484021,746888.293047,733581.1580148215,688556.3241800677,4,344,2,101.12727272727273
2014-12-11,580542.178879,3159,54,33,60.01,0,2014,12,11,3,50,0,732121.033873,578961.517004,475823.897052,468057.386823,749315.9243804285,744509.4242913214,693700.1652462108,4,345,2,57.43636363636364
2014-12-12,642760.387245,4853,54,33,57.81,0,2014,12,12,4,50,0,580542.178879,635445.153317,559619.825094,553007.970965,749541.7332197143,751989.3015646785,697717.4792482108,4,346,2,88.23636363636363
2014-12-15,790182.945791,1025,54,33,55.96,0,2014,12,15,0,51,0,999106.1325775,790283.289992,817413.561974,620876.340058,752109.6987646429,756450.8168382142,704894.1168047285,4,349,3,18.636363636363637
2014-12-16,799067.056179,2973,54,33,55.97,0,2014,12,16,1,51,0,790182.945791,665123.962957,735319.1840285,553367.204141,752095.3638787857,754505.7728251427,710940.7812951928,4,350,3,54.054545454545455
2014-12-17,779966.499188,5290,54,33,56.43,0,2014,12,17,2,51,0,799067.056179,732121.033873,715127.614539,580234.0113007,771230.0914819286,759059.1922644643,719715.7760108357,4,351,3,96.18181818181819
2014-12-18,731938.479893,3179,54,33,54.18,0,2014,12,18,3,51,0,779966.499188,580542.178879,578961.517004,511855.7610447,778065.1579555,763690.5411679642,726849.0791496679,4,352,3,57.8
2014-12-19,757349.3758179,4940,54,33,56.91,0,2014,12,19,4,51,0,731938.479893,642760.387245,635445.153317,567978.732759,799693.2009575,774617.4670886071,734709.1762513929,4,353,3,89.81818181818181
2014-12-22,1008143.3460193,1582,54,33,55.25,1,2014,12,22,0,52,0,1056605.2012285,790182.945791,790283.289992,610847.95702,835809.2974910572,793959.49812785,752936.9820742643,4,356,4,28.763636363636362
2014-12-23,1064977.9730725,3365,54,33,56.78,1,2014,12,23,1,52,0,1008143.3460193,799067.056179,665123.962957,541225.608011,866946.4975236714,809520.9307012287,767126.1031099537,4,357,4,61.18181818181818
2014-12-24,965982.871715,5828,54,33,55.7,1,2014,12,24,2,52,0,1064977.9730725,779966.499188,732121.033873,579125.306002,904933.7713655999,838081.9314237644,785831.5447192929,4,358,4,105.96363636363637
2014-12-26,872098.456795,5714,54,33,54.59,1,2014,12,26,4,52,0,965982.871715,731938.479893,580542.178879,475823.897052,931507.5388694572,854786.3484124786,799647.8863519001,4,360,4,103.89090909090909
2014-12-29,773998.401175,1783,54,33,53.46,0,2014,12,29,0,1,0,716329.635071,1056605.2012285,999106.1325775,1023691.281592,917819.0918333287,872707.1183299787,815457.0086203285,4,363,5,32.41818181818182
2014-12-30,912970.533204,3494,54,33,54.14,0,2014,12,30,1,1,0,773998.401175,1008143.3460193,790182.945791,817413.561974,877446.6918256858,856627.9946583714,806539.4057482928,4,364,5,63.527272727272724
2014-12-31,844380.469674,5648,54,33,53.45,1,2014,12,31,2,1,0,912970.533204,1064977.9730725,799067.056179,735319.1840285,863850.5757092143,865398.5366164428,809952.1547207928,4,365,5,102.69090909090909
2015-01-01,12773.61698,12,54,33,53.085,1,2015,1,1,3,1,0,844380.469674,965982.871715,779966.499188,715127.614539,832336.6466522858,868635.2090089429,813847.2006367035,1,1,1,0.21818181818181817
2015-01-02,657763.391981,4949,54,33,52.72,1,2015,1,2,4,1,0,12773.61698,872098.456795,731938.479893,578961.517004,696163.895975857,813835.7174226571,788763.1292953107,1,2,1,89.98181818181818
2015-01-05,569267.29796,1148,54,33,50.05,0,2015,1,5,0,2,0,730923.776022,773998.401175,1056605.2012285,1013889.8074,654527.2679945715,786173.17991395,788540.7892413108,1,5,1,20.87272727272727
2015-01-06,477886.741053,1042,54,33,47.98,0,2015,1,6,1,2,0,569267.29796,912970.533204,1008143.3460193,790283.289992,625279.9675352856,751363.3296804857,772661.4139041678,1,6,1,18.945454545454545
2015-01-07,494160.850117,1291,54,33,48.69,0,2015,1,7,2,2,0,477886.741053,844380.469674,1064977.9730725,665123.962957,563125.1400851428,713487.8578971785,761504.3942992035,1,7,1,23.472727272727273
2015-01-08,417482.689131,3063,54,33,48.8,0,2015,1,8,3,2,0,494160.850117,12773.61698,965982.871715,732121.033873,513093.7658627143,672715.2062574999,755398.5688406322,1,8,2,55.69090909090909
2015-01-09,439381.226073,4761,54,33,48.35,0,2015,1,9,4,2,0,417482.689131,657763.391981,872098.456795,580542.178879,570909.3475985714,633536.6217872143,744161.4850998464,1,9,2,86.56363636363636
2015-01-12,442845.544014,1043,54,33,46.06,0,2015,1,12,0,3,0,694860.9511,569267.29796,773998.401175,999106.1325775,523285.2376348571,588906.2528147142,730806.6855723466,1,12,2,18.963636363636365
2015-01-13,393799.993059,1213,54,33,45.92,0,2015,1,13,1,3,0,442845.544014,477886.741053,912970.533204,790182.945791,505224.9870711429,565252.4773032143,710940.2359807929,1,13,2,22.054545454545455
2015-01-14,400923.97107,1586,54,33,48.49,0,2015,1,14,2,3,0,393799.993059,494160.850117,844380.469674,799067.056179,493212.59450057143,528168.8672928571,696783.70195465,1,14,2,28.836363636363636
2015-01-15,371146.144942,2608,54,33,46.37,0,2015,1,15,3,3,0,400923.97107,417482.689131,12773.61698,779966.499188,479893.040351,496493.40310685715,682564.3060579001,1,15,3,47.41818181818182
2015-01-16,423599.9357975,4510,54,33,48.49,0,2015,1,16,4,3,0,371146.144942,439381.226073,657763.391981,731938.479893,473273.53403828567,522091.4408184286,667963.5791205429,1,16,3,82.0
2015-01-19,448217.896919,588,54,33,47.64,0,2015,1,19,0,4,0,678277.030991,442845.544014,569267.29796,1056605.2012285,476065.4362686429,499675.33695175,642924.25843285,1,19,3,10.690909090909091
2015-01-20,405308.77722,569,54,33,46.79,0,2015,1,20,1,4,0,448217.896919,393799.993059,477886.741053,1008143.3460193,476832.9152550715,491028.9511631071,621196.1404217965,1,20,3,10.345454545454546
2015-01-21,413202.592067,697,54,33,47.85,0,2015,1,21,2,4,0,405308.77722,400923.97107,494160.850117,1064977.9730725,478477.02727807144,485844.8108893214,599666.33439325,1,21,3,12.672727272727272
2015-01-22,364862.5390355,2598,54,33,45.93,0,2015,1,22,3,4,0,413202.592067,371146.144942,417482.689131,965982.871715,480231.1159919286,480062.07817146427,576388.6422144821,1,22,4,47.236363636363635
2015-01-23,416937.181925,4475,54,33,45.26,0,2015,1,23,4,4,0,364862.5390355,423599.9357975,439381.226073,872098.456795,479333.45800528576,476303.4960217857,554920.0589045,1,23,4,81.36363636363636
2015-01-26,410009.617966,540,54,33,44.8,0,2015,1,26,0,5,0,631623.951015,448217.896919,442845.544014,773998.401175,467000.4013120714,471532.91879035713,530219.5858025358,1,26,4,9.818181818181818
2015-01-27,360009.850046,560,54,33,45.84,0,2015,1,27,1,5,0,410009.617966,405308.77722,393799.993059,912970.533204,461542.07574735716,469187.4955012143,517219.98640221433,1,27,4,10.181818181818182
2015-01-28,376935.916035,639,54,33,44.08,0,2015,1,28,2,5,0,360009.850046,413202.592067,400923.97107,844380.469674,455070.80043678574,466773.91385742853,497471.39057514287,1,28,4,11.618181818181819
2015-01-29,343062.160973,2696,54,33,44.12,0,2015,1,29,3,5,0,376935.916035,364862.5390355,371146.144942,12773.61698,449889.84671792854,465060.4813549286,480776.94223089283,1,29,5,49.018181818181816
2015-01-30,435899.6719165,4647,54,33,47.79,0,2015,1,30,4,5,0,343062.160973,416937.181925,423599.9357975,657763.391981,446775.5069947142,463054.4825,492572.9616592143,1,30,5,84.49090909090908
2015-02-02,538301.886974,653,54,33,49.25,0,2015,2,2,0,6,0,815294.475951,410009.617966,448217.896919,569267.29796,485345.3621045,476172.8817082857,487924.1093300179,1,33,1,11.872727272727273
2015-02-03,475249.842928,583,54,33,53.04,0,2015,2,3,1,6,0,538301.886974,360009.850046,405308.77722,477886.741053,503672.8291056428,482607.4524265,486818.20179480355,1,34,1,10.6
2015-02-04,451923.147059,687,54,33,48.45,0,2015,2,4,2,6,0,475249.842928,376935.916035,413202.592067,494160.850117,520135.6852316428,487603.2428342143,486724.0268617678,1,35,1,12.49090909090909
2015-02-05,407491.967944,2640,54,33,50.48,0,2015,2,5,3,6,0,451923.147059,343062.160973,364862.5390355,417482.689131,530848.1468065,490368.9967622143,485215.5374668393,1,36,1,48.0
2015-02-06,437147.54517,4645,54,33,51.66,0,2015,2,6,4,6,0,407491.967944,435899.6719165,416937.181925,439381.226073,540052.4049452143,493413.95596996427,484858.725995875,1,37,1,84.45454545454545
2015-02-09,458002.152043,722,54,33,52.99,0,2015,2,9,0,7,0,622994.231951,538301.886974,410009.617966,442845.544014,504717.1738435714,495031.2679740357,483282.09338219644,1,40,2,13.127272727272727
2015-02-10,400825.9849177,694,54,33,50.06,0,2015,2,10,1,7,0,458002.152043,475249.842928,360009.850046,393799.993059,493245.78313914285,498459.3061223928,483823.4008118035,1,41,2,12.618181818181819
2015-02-11,400115.3330245,766,54,33,48.8,0,2015,2,11,2,7,0,400825.9849177,451923.147059,376935.916035,400923.97107,482613.8034233857,501374.7443275143,484074.3290924714,1,42,2,13.927272727272728
2015-02-12,384963.142969,2613,54,33,51.17,0,2015,2,12,3,7,0,400115.3330245,407491.967944,343062.160973,371146.144942,475212.68713274284,503030.41696962144,484045.449162275,1,43,2,47.50909090909091
2015-02-13,493265.468013,4536,54,33,52.66,0,2015,2,13,4,7,0,384963.142969,437147.54517,435899.6719165,423599.9357975,471994.2835648857,506023.34425505,484538.91337752494,1,44,2,82.47272727272727
2015-02-16,420740.903983,574,54,33,53.11,1,2015,2,16,0,8,0,434886.671834,458002.152043,538301.886974,448217.896919,447844.8315571714,476281.0027003714,476226.9422043286,1,47,3,10.436363636363636
2015-02-17,483088.134093,609,54,33,53.56,1,2015,2,17,1,8,0,420740.903983,400825.9849177,475249.842928,405308.77722,442521.79612002854,467883.78962958575,475245.62102804286,1,48,3,11.072727272727272
2015-02-18,497499.057967,670,54,33,52.13,0,2015,2,18,2,8,0,483088.134093,400115.3330245,451923.147059,413202.592067,454273.5317165,468443.66756994283,478023.45520207856,1,49,3,12.181818181818182
2015-02-19,436360.905914,2616,54,33,51.12,0,2015,2,19,3,8,0,497499.057967,384963.142969,407491.967944,364862.5390355,468185.49242257146,471699.0897776571,481034.0432699357,1,50,3,47.56363636363636
2015-02-20,483681.015026,4387,54,33,49.95,0,2015,2,20,4,8,0,436360.905914,493265.468013,437147.54517,416937.181925,475528.0299861428,473761.15677551425,483587.5563727393,1,51,3,79.76363636363637
2015-02-23,443349.890841,425,54,33,49.56,0,2015,2,23,0,9,0,691339.067796,420740.903983,458002.152043,410009.617966,512208.87997385714,480026.85576551437,487529.061869775,1,54,4,7.7272727272727275
2015-02-24,407890.277971,411,54,33,48.48,0,2015,2,24,1,9,0,443349.890841,483088.134093,400825.9849177,360009.850046,515438.7352392857,478980.26567965717,488719.785901025,1,55,4,7.472727272727273
2015-02-25,395774.954032,476,54,33,50.25,0,2015,2,25,2,9,0,407890.277971,497499.057967,400115.3330245,376935.916035,504696.1843647143,479484.8580406071,490429.8011840607,1,56,4,8.654545454545454
2015-02-26,354938.226975,2631,54,33,47.65,0,2015,2,26,3,9,0,395774.954032,436360.905914,384963.142969,343062.160973,490164.16951685713,479174.83096971427,491102.6239696679,1,57,4,47.836363636363636
2015-02-27,436488.424914,4475,54,33,49.84,0,2015,2,27,4,9,0,354938.226975,483681.015026,493265.468013,435899.6719165,478532.35823985713,477030.194113,491526.769184025,1,58,4,81.36363636363636
2015-03-02,546037.787999,464,54,33,49.59,1,2015,3,2,0,10,0,820434.978924,443349.890841,420740.903983,538301.886974,499162.8791045714,505685.87953921437,490983.4411197929,1,61,1,8.436363636363636
2015-03-03,492365.24083,571,54,33,50.43,0,2015,3,3,1,10,0,546037.787999,407890.277971,483088.134093,475249.842928,513832.5786985715,514635.6569689285,491259.72329925717,1,62,1,10.381818181818181
2015-03-04,483330.548167,608,54,33,51.53,0,2015,3,4,2,10,0,492365.24083,395774.954032,497499.057967,451923.147059,525900.4305355714,515298.30745014286,491870.98751004285,1,63,1,11.054545454545455
2015-03-05,428599.809059,2679,54,33,50.76,0,2015,3,5,3,10,0,483330.548167,354938.226975,436360.905914,407491.967944,538408.3725548572,514286.27103585715,492992.68040675716,1,64,1,48.70909090909091
2015-03-06,463723.974873,4451,54,33,49.61,0,2015,3,6,4,10,0,428599.809059,436488.424914,483681.015026,437147.54517,548931.4557097143,513731.9069747858,493746.53187515,1,65,1,80.92727272727272
2015-03-09,480371.950086,557,54,33,49.95,0,2015,3,9,0,11,0,659563.411966,546037.787999,443349.890841,458002.152043,532999.7119724286,516081.29553849995,498054.07565200713,1,68,2,10.127272727272727
2015-03-10,457881.7640763,567,54,33,48.42,0,2015,3,10,1,11,0,480371.950086,492365.24083,407890.277971,400825.9849177,523618.8779848571,518725.7283417143,498852.9970106858,1,69,2,10.309090909090909
2015-03-11,425617.727075,572,54,33,48.06,0,2015,3,11,2,11,0,457881.7640763,483330.548167,395774.954032,400115.3330245,518692.66702004283,522296.54877780715,500890.70340920717,1,70,2,10.4
2015-03-12,382588.6690535,2664,54,33,47.12,0,2015,3,12,3,11,0,425617.727075,428599.809059,354938.226975,384963.142969,510447.97829261434,524428.1754237358,501801.50319672504,1,71,2,48.43636363636364
2015-03-13,434805.995204,4501,54,33,44.88,0,2015,3,13,4,11,0,382588.6690535,463723.974873,436488.424914,493265.468013,503874.9582918286,526403.2070007714,501716.7005568858,1,72,2,81.83636363636364
2015-03-16,466598.425914,597,54,33,43.93,0,2015,3,16,0,12,0,662700.871933,480371.950086,546037.787999,420740.903983,494368.10547482857,513683.90872362856,509684.89413142146,1,75,3,10.854545454545455
2015-03-17,415359.51603,581,54,33,43.39,0,2015,3,17,1,12,0,466598.425914,457881.7640763,492365.24083,483088.134093,492400.4591645429,508009.6685747,511322.6627718143,1,76,3,10.563636363636364
2015-03-18,398629.999994,600,54,33,44.63,0,2015,3,18,2,12,0,415359.51603,425617.727075,483330.548167,497499.057967,486325.8523007858,502509.2596604143,508903.78355527855,1,77,3,10.909090909090908
2015-03-19,373324.3829895,2698,54,33,44.02,0,2015,3,19,3,12,0,398629.999994,382588.6690535,428599.809059,436360.905914,482470.4627177857,496459.2205052,505372.74577052856,1,78,3,49.054545454545455
2015-03-20,467687.945081,4477,54,33,46.0,0,2015,3,20,4,12,0,373324.3829895,434805.995204,463723.974873,483681.015026,481146.9932800714,492510.97578595,503121.4413803678,1,79,3,81.4
2015-03-23,462664.2370045,543,54,33,47.4,0,2015,3,23,0,13,0,646466.401887,466598.425914,480371.950086,443349.890841,484595.12858821434,489481.61703152145,502781.4562850107,1,82,4,9.872727272727273
2015-03-24,407369.722015,445,54,33,47.03,0,2015,3,24,1,13,0,462664.2370045,415359.51603,457881.7640763,407890.277971,484033.10160114284,488216.7803828429,503471.25436227856,1,83,4,8.090909090909092
2015-03-25,408258.189916,579,54,33,48.75,0,2015,3,25,2,13,0,407369.722015,398629.999994,425617.727075,395774.954032,482891.7024561428,484608.7773784643,503452.66307813575,1,84,4,10.527272727272727
2015-03-26,367006.957001,2769,54,33,51.41,0,2015,3,26,3,13,0,408258.189916,373324.3829895,382588.6690535,354938.226975,484267.1581592857,483368.8104385357,503898.49293113576,1,85,4,50.345454545454544
2015-03-27,436906.608975,4596,54,33,48.83,0,2015,3,27,4,13,0,367006.957001,467687.945081,434805.995204,436488.424914,483364.66873235715,482255.8310062143,504329.5190034929,1,86,4,83.56363636363636
2015-03-30,437878.834978,632,54,33,48.66,0,2015,3,30,0,14,0,641213.770163,462664.2370045,466598.425914,546037.787999,473324.8841617143,478960.0063749643,496321.95754929644,1,89,5,11.49090909090909
2015-03-31,443278.893073,590,54,33,47.72,0,2015,3,31,1,14,0,437878.834978,407369.722015,415359.51603,492365.24083,469784.1124436428,476908.6070223929,492459.1377985464,1,90,5,10.727272727272727
2015-04-01,557223.161038,777,54,33,50.12,1,2015,4,1,2,14,0,443278.893073,408258.189916,398629.999994,483330.548167,474913.9940233571,478902.84823975,490706.05395008216,2,91,1,14.127272727272727
2015-04-02,524588.902022,2854,54,33,49.13,0,2015,4,2,3,14,0,557223.161038,367006.957001,373324.3829895,428599.809059,496194.7041836428,490230.9311714643,493345.0758383321,2,92,1,51.89090909090909
2015-04-03,510296.785948,4598,54,33,50.605,1,2015,4,3,4,14,0,524588.902022,436906.608975,467687.945081,463723.974873,518706.41061521426,501035.5396737857,496773.2577298679,2,93,1,83.6
2015-04-06,519734.816963,578,54,33,52.08,0,2015,4,6,0,15,0,659669.577136,437878.834978,462664.2370045,480371.950086,540975.7642997142,507150.3242307143,498315.9706311179,2,96,1,10.50909090909091
2015-04-07,464788.21798,631,54,33,53.95,0,2015,4,7,1,15,0,519734.816963,443278.893073,407369.722015,457881.7640763,552669.4760118572,511226.79422775004,499721.78730529646,2,97,1,11.472727272727273
2015-04-08,461140.213006,753,54,33,50.44,0,2015,4,8,2,15,0,464788.21798,557223.161038,408258.189916,425617.727075,555742.236712857,515328.11536810716,499968.44637328567,2,98,2,13.690909090909091
2015-04-09,398718.315935,2883,54,33,50.79,0,2015,4,9,3,15,0,461140.213006,524588.902022,367006.957001,382588.6690535,542016.1012797143,519105.40273167857,501237.10658510716,2,99,2,52.41818181818182
2015-04-10,445869.298012,4725,54,33,51.63,0,2015,4,10,4,15,0,398718.315935,510296.785948,436906.608975,434805.995204,524034.58898157143,521370.4997983929,501813.1654023035,2,100,2,85.9090909090909
2015-04-13,453724.756048,643,54,33,51.95,0,2015,4,13,0,16,0,659939.024086,519734.816963,437878.834978,466598.425914,508684.7004365715,524830.2323681429,501895.11937155353,2,103,2,11.690909090909091
2015-04-14,403623.396979,666,54,33,53.3,1,2015,4,14,1,16,0,453724.756048,464788.21798,443278.893073,415359.51603,499254.6917344286,525962.0838731428,501435.3454477679,2,104,2,12.10909090909091
2015-04-15,438106.287965,739,54,33,56.25,0,2015,4,15,2,16,0,403623.396979,461140.213006,557223.161038,398629.999994,490516.86016285716,523129.5484378571,501016.19833880354,2,105,3,13.436363636363636
2015-04-16,418643.193957,3374,54,33,56.69,0,2015,4,16,3,16,0,438106.287965,398718.315935,524588.902022,373324.3829895,487226.2994427144,514621.2003612142,502426.0657663393,2,106,3,61.345454545454544
2015-04-17,456303.236748,5102,54,33,55.71,0,2015,4,17,4,16,0,418643.193957,445869.298012,510296.785948,467687.945081,490072.7105887142,507053.64978514286,504044.5947294643,2,107,3,92.76363636363637
2015-04-20,481694.770966,1146,54,33,56.37,0,2015,4,20,0,17,0,684544.950159,453724.756048,519734.816963,462664.2370045,497728.7832237143,503206.74183014286,505178.5330304286,2,110,3,20.836363636363636
2015-04-21,426018.313035,1090,54,33,55.58,1,2015,4,21,1,17,0,481694.770966,403623.396979,464788.21798,407369.722015,501724.4996405714,500489.5956875,505858.194957625,2,111,3,19.818181818181817
2015-04-22,421108.210059,1250,54,33,56.17,0,2015,4,22,2,17,0,426018.313035,438106.287965,461140.213006,408258.189916,504923.7733628571,497720.31676285714,506524.2160654821,2,112,4,22.727272727272727
2015-04-23,392147.042002,3300,54,33,56.59,0,2015,4,23,3,17,0,421108.210059,418643.193957,398718.315935,367006.957001,502495.4765191428,494860.8879809285,506983.14535630355,2,113,4,60.0
2015-04-24,437625.507963,5216,54,33,55.98,0,2015,4,24,4,17,0,392147.042002,456303.236748,445869.298012,436906.608975,498710.3119541429,494391.5112714286,507881.00553491066,2,114,4,94.83636363636364
2015-04-27,425049.148087,1046,54,33,55.56,0,2015,4,27,0,18,0,625901.000988,481694.770966,453724.756048,437878.834978,481896.6225645714,489812.7028941428,507321.46763114294,2,117,4,19.01818181818182
2015-04-28,374839.1850745,1057,54,33,57.05,0,2015,4,28,1,18,0,425049.148087,426018.313035,403623.396979,443278.893073,473804.39072471426,487764.4451826429,506863.2645278928,2,118,4,19.21818181818182
2015-04-29,398724.330055,1012,54,33,58.55,0,2015,4,29,2,18,0,374839.1850745,421108.210059,438106.287965,557223.161038,466493.0867303572,485708.43004660716,504418.9892422321,2,119,5,18.4
2015-04-30,432612.141938,3267,54,33,59.62,0,2015,4,30,3,18,0,398724.330055,392147.042002,418643.193957,524588.902022,463295.3895869286,482895.43305303575,498758.316707125,2,120,5,59.4
2015-05-01,674509.400095,5555,54,33,59.1,1,2015,5,1,4,18,0,432612.141938,437625.507963,456303.236748,510296.785948,469076.1181492143,483893.2150516786,495473.43241841067,2,121,1,101.0
2015-05-04,556245.147953,1282,54,33,58.92,0,2015,5,4,0,19,0,742887.785029,425049.148087,481694.770966,519734.816963,537096.3234535,509496.47300903575,506351.60741958924,2,124,1,23.30909090909091
2015-05-05,509493.227021,1240,54,33,60.38,0,2015,5,5,1,19,0,556245.147953,374839.1850745,426018.313035,464788.21798,555838.6091486429,514821.49993667856,507655.54781208927,2,125,1,22.545454545454547
2015-05-06,504999.550962,1340,54,33,60.93,0,2015,5,6,2,19,0,509493.227021,398724.330055,421108.210059,461140.213006,575074.9008552857,520783.99379282136,509252.15527783934,2,126,1,24.363636363636363
2015-05-07,444082.309939,3372,54,33,58.99,0,2015,5,7,3,19,0,504999.550962,432612.141938,392147.042002,398718.315935,590257.0752705715,526776.2324287499,510818.5602048393,2,127,1,61.30909090909091
2015-05-08,481304.22297,5130,54,33,59.41,0,2015,5,8,4,19,0,444082.309939,674509.400095,437625.507963,445869.298012,591895.6706992857,530485.89442425,512438.70284783933,2,128,2,93.27272727272727
2015-05-11,524864.051063,1055,54,33,59.23,0,2015,5,11,0,20,0,558062.273048,556245.147953,425049.148087,453724.756048,537270.3102812857,537183.3168673929,513498.00988076784,2,131,2,19.181818181818183
2015-05-12,452162.874045,1014,54,33,60.72,1,2015,5,12,1,20,0,524864.051063,509493.227021,374839.1850745,403623.396979,532787.2964398571,544312.95279425,516038.69898844644,2,132,2,18.436363636363637
2015-05-13,446915.639008,1172,54,33,60.5,0,2015,5,13,2,20,0,452162.874045,504999.550962,398724.330055,438106.287965,524597.2460147142,549836.073435,517772.2517408036,2,133,2,21.30909090909091
2015-05-14,395609.666087,3153,54,33,59.89,0,2015,5,14,3,20,0,446915.639008,444082.309939,432612.141938,418643.193957,516299.54430699995,553278.3097887856,518086.8714209107,2,134,2,57.32727272727273
2015-05-15,483535.538107,5076,54,33,59.73,0,2015,5,15,4,20,0,395609.666087,481304.22297,674509.400095,456303.236748,509374.8808995714,550635.2757994285,517264.2454255536,2,135,3,92.2909090909091
2015-05-18,496595.01098,968,54,33,59.44,0,2015,5,18,0,21,0,798186.132143,524864.051063,556245.147953,481694.770966,544438.921921,540854.6161011428,525175.5445550893,2,138,3,17.6
2015-05-19,446375.4880335,999,54,33,57.3,0,2015,5,19,1,21,0,496595.01098,452162.874045,509493.227021,426018.313035,540400.4876234286,536593.8920316428,525707.6959841608,2,139,3,18.163636363636364
2015-05-20,466238.630977,1232,54,33,58.96,0,2015,5,20,2,21,0,446375.4880335,446915.639008,504999.550962,421108.210059,539573.7181932143,532085.4821039643,526434.7379483929,2,140,3,22.4
2015-05-21,417006.136035,3115,54,33,60.18,0,2015,5,21,3,21,0,466238.630977,395609.666087,444082.309939,392147.042002,542334.1456173572,529316.8449621786,528046.5386954643,2,141,3,56.63636363636363
2015-05-22,458727.917031,4923,54,33,58.88,0,2015,5,22,4,21,0,417006.136035,483535.538107,481304.22297,437625.507963,545390.7841813571,527382.8325404642,528934.3634823571,2,142,4,89.50909090909092
2015-05-25,534802.790004,941,54,33,58.085,0,2015,5,25,0,22,0,738068.426823,496595.01098,524864.051063,425049.148087,525984.933263,535211.927592,536197.6222296964,2,145,4,17.10909090909091
2015-05-26,463132.406006,887,54,33,57.29,0,2015,5,26,1,22,0,534802.790004,446375.4880335,452162.874045,374839.1850745,531443.1874092857,535921.8375163571,540117.3951553035,2,146,4,16.12727272727273
2015-05-27,481804.96096,1007,54,33,57.51,0,2015,5,27,2,22,0,463132.406006,466238.630977,446915.639008,398724.330055,533837.0328339286,536705.3755135714,543270.7244742857,2,147,4,18.30909090909091
2015-05-28,428506.881011,3183,54,33,57.69,0,2015,5,28,3,22,0,481804.96096,417006.136035,395609.666087,432612.141938,536060.7942600714,539197.4699387143,546237.88986375,2,148,4,57.872727272727275
2015-05-29,560519.530038,5079,54,33,60.25,0,2015,5,29,4,22,0,428506.881011,458727.917031,483535.538107,674509.400095,537703.7578280714,541547.2710047143,546091.2734020714,2,149,5,92.34545454545454
2015-06-01,812081.2027655,1388,54,33,60.24,0,2015,6,1,0,23,0,1023564.76704,534802.790004,496595.01098,556245.147953,621151.3752902857,573568.1542766428,557211.3851888928,2,152,1,25.236363636363638
2015-06-02,753430.6418917,3643,54,33,61.3,0,2015,6,2,1,23,0,812081.2027655,463132.406006,446375.4880335,509493.227021,660762.5771133571,596102.8822613214,566348.3871464821,2,153,1,66.23636363636363
2015-06-03,747929.452075,5581,54,33,59.67,0,2015,6,3,2,23,0,753430.6418917,481804.96096,466238.630977,504999.550962,702233.7536684572,618035.3932511929,575060.4376775785,2,154,1,101.47272727272727
2015-06-04,608994.6461083,3401,54,33,58.0,0,2015,6,4,3,23,0,747929.452075,428506.881011,417006.136035,444082.309939,740251.5381134572,638156.1661867643,583736.5055744714,2,155,1,61.836363636363636
2015-06-05,657675.126037,5144,54,33,59.11,0,2015,6,5,4,23,0,608994.6461083,560519.530038,458727.917031,481304.22297,766035.5045559286,651869.631192,589626.2318662321,2,156,1,93.52727272727273
2015-06-08,696952.81204,949,54,33,58.15,0,2015,6,8,0,24,0,1070695.9178497,812081.2027655,534802.790004,524864.051063,793606.3225526001,707378.848921443,621295.3882567214,2,159,2,17.254545454545454
2015-06-09,623725.1071692,3216,54,33,60.15,0,2015,6,9,1,24,0,696952.81204,753430.6418917,463132.406006,452162.874045,777159.4095918143,718960.9933525857,627441.4154344713,2,160,2,58.472727272727276
2015-06-10,641435.3719983,5373,54,33,61.36,0,2015,6,10,2,24,0,623725.1071692,747929.452075,481804.96096,446915.639008,758630.0474886,730431.9005785285,633568.6380460499,2,161,2,97.69090909090909
2015-06-11,510019.1489275,1369,54,33,60.74,0,2015,6,11,3,24,0,641435.3719983,608994.6461083,428506.881011,395609.666087,743416.6074776428,741834.0727955501,640515.7713671321,2,162,2,24.89090909090909
2015-06-12,606616.000975,6500,54,33,59.96,0,2015,6,12,4,24,0,510019.1489275,657675.126037,560519.530038,483535.538107,729277.2507375285,747656.3776467285,644601.8243257215,2,163,2,118.18181818181819
2015-06-15,666557.1317587,1495,54,33,59.53,0,2015,6,15,0,25,0,967745.7218685,696952.81204,812081.2027655,496595.01098,698174.5626976428,745890.4426251213,659729.2984508822,2,166,3,27.181818181818183
2015-06-16,672637.824072,3629,54,33,60.01,0,2015,6,16,1,25,0,666557.1317587,623725.1071692,753430.6418917,446375.4880335,693832.3226574572,735495.8661246357,665799.3741929785,2,167,3,65.98181818181818
2015-06-17,677171.157112,8606,54,33,59.89,0,2015,6,17,2,25,0,672637.824072,641435.3719983,747929.452075,466238.630977,700819.8536435714,729724.9505660858,673880.1719086393,2,168,3,156.47272727272727
2015-06-18,556155.0391433,1775,54,33,60.41,0,2015,6,18,3,25,0,677171.157112,510019.1489275,608994.6461083,417006.136035,705924.9658026714,724670.7866401571,681413.4764134607,2,169,3,32.27272727272727
2015-06-19,659233.5706609,6748,54,33,59.62,0,2015,6,19,4,25,0,556155.0391433,606616.000975,657675.126037,458727.917031,712515.8072620714,720896.5289998,686383.0800959,2,170,3,122.69090909090909
2015-06-22,701208.22895,1617,54,33,60.01,0,2015,6,22,0,26,0,790568.421132,666557.1317587,696952.81204,534802.790004,708467.8283217,703321.1955096715,705350.0222155572,2,173,4,29.4
2015-06-23,640322.326029,3756,54,33,61.05,1,2015,6,23,1,26,0,701208.22895,672637.824072,623725.1071692,463132.406006,713417.9850633143,703625.1538603856,711293.0736064857,2,174,4,68.2909090909091
2015-06-24,643411.714061,9265,54,33,60.01,0,2015,6,24,2,26,0,640322.326029,677171.157112,641435.3719983,481804.96096,708801.4853428857,704810.6694932285,717621.2850358785,2,175,4,168.45454545454547
2015-06-25,518700.9558973,1154,54,33,59.59,1,2015,6,25,3,26,0,643411.714061,556155.0391433,510019.1489275,428506.881011,703978.7077641713,704951.8367834213,723392.9547894857,2,176,4,20.98181818181818
2015-06-26,593299.460788,6213,54,33,59.41,0,2015,6,26,4,26,0,518700.9558973,659233.5706609,606616.000975,560519.530038,698628.1244433143,705571.9658526928,726614.1717497108,2,177,4,112.96363636363637
2015-06-29,639072.192193,1006,54,33,58.34,0,2015,6,29,0,27,0,976563.5890657,701208.22895,666557.1317587,812081.2027655,700714.1055694999,704590.9669456,725240.7047853607,2,180,5,18.29090909090909
2015-06-30,669548.425059,2927,54,33,59.48,0,2015,6,30,1,27,0,639072.192193,640322.326029,672637.824072,753430.6418917,691837.5288899286,702627.7569766213,719061.8115506286,2,181,5,53.21818181818182
2015-07-01,885953.200992,8448,54,33,56.94,0,2015,7,1,2,27,0,669548.425059,643411.714061,677171.157112,747929.452075,696012.6858942143,702407.08561855,716066.0180923177,3,182,1,153.6
2015-07-02,705642.2820965,1306,54,33,56.93,0,2015,7,2,3,27,0,885953.200992,518700.9558973,556155.0391433,608994.6461083,730661.4697415001,717320.0887528358,720995.4376964964,3,183,1,23.745454545454546
2015-07-03,772773.3939200001,6484,54,33,54.705,1,2015,7,3,4,27,0,705642.2820965,593299.460788,659233.5706609,657675.126037,757367.3734842428,727997.7489637786,724447.1389817892,3,184,1,117.89090909090909
2015-07-06,754949.70914,1033,54,33,52.48,0,2015,7,6,0,28,0,982427.6819,639072.192193,701208.22895,696952.81204,810565.5741572141,755639.8398633571,729480.5176865143,3,187,1,18.78181818181818
2015-07-07,654821.0515315,2971,54,33,52.33,0,2015,7,7,1,28,0,754949.70914,669548.425059,640322.326029,623725.1071692,827119.5051496428,759478.5170197858,731551.8354400859,3,188,1,54.018181818181816
2015-07-08,732992.130029,8236,54,33,51.61,0,2015,7,8,2,28,0,654821.0515315,885953.200992,643411.714061,641435.3719983,825015.5946457143,760514.1402699642,732662.4048815966,3,189,2,149.74545454545455
2015-07-09,605032.4963965,1214,54,33,52.76,0,2015,7,9,3,28,0,732992.130029,705642.2820965,518700.9558973,510019.1489275,803164.0130795714,766912.7414105358,735932.2890969785,3,190,2,22.072727272727274
2015-07-10,643986.381178,6406,54,33,52.74,0,2015,7,10,4,28,0,605032.4963965,772773.3939200001,593299.460788,606616.000975,788791.186551,773079.2800176216,739325.6229351572,3,191,2,116.47272727272727
2015-07-13,647967.077874,1009,54,33,52.19,0,2015,7,13,0,29,0,898731.936734,754949.70914,639072.192193,666557.1317587,726499.7725951428,768532.6733761786,736561.8201608893,3,194,2,18.345454545454544
2015-07-14,601452.258023,2851,54,33,53.05,0,2015,7,14,1,29,0,647967.077874,654821.0515315,669548.425059,672637.824072,711216.5395571429,769168.0223533929,735897.8896650072,3,195,2,51.836363636363636
2015-07-15,664505.1001790001,8255,54,33,51.4,0,2015,7,15,2,29,0,601452.258023,732992.130029,885953.200992,677171.157112,703592.4261987858,764304.0104222501,733355.5480204,3,196,3,150.0909090909091
2015-07-16,584042.727022,1225,54,33,50.9,0,2015,7,16,3,29,0,664505.1001790001,605032.4963965,705642.2820965,556155.0391433,693808.5647916428,748486.2889356072,732903.1888442215,3,197,3,22.272727272727273
2015-07-17,653452.17114,6503,54,33,50.88,0,2015,7,17,4,29,0,584042.727022,643986.381178,772773.3939200001,659233.5706609,690810.0263095715,739800.6064302857,733899.1776970321,3,198,3,118.23636363636363
2015-07-20,685961.243972,1357,54,33,50.11,0,2015,7,20,0,30,0,894707.299378,647967.077874,754949.70914,701208.22895,696068.5670924286,711284.1698437857,733462.0048535715,3,201,3,24.672727272727272
2015-07-21,607836.498977,3157,54,33,50.59,0,2015,7,21,1,30,0,685961.243972,601452.258023,654821.0515315,640322.326029,701496.3051064286,706356.4223317857,732917.4696757857,3,202,3,57.4
2015-07-22,631385.408886,8415,54,33,49.27,0,2015,7,22,2,30,0,607836.498977,664505.1001790001,732992.130029,643411.714061,702408.3395284286,703000.3828636071,731757.2615667857,3,203,4,153.0
2015-07-23,541511.421067,1482,54,33,48.11,1,2015,7,23,3,30,0,631385.408886,584042.727022,605032.4963965,518700.9558973,697676.955058,695742.7599248214,731327.7506676785,3,204,4,26.945454545454545
2015-07-24,635244.2449785,6714,54,33,47.98,1,2015,7,24,4,30,0,541511.421067,653452.17114,643986.381178,593299.460788,691601.0542072857,691205.5402584284,732142.410138025,3,205,4,122.07272727272728
2015-07-27,652999.1942961001,1466,54,33,47.17,0,2015,7,27,0,31,0,875032.0362592,685961.243972,647967.077874,639072.192193,682056.9107259571,689062.7389091927,728797.7061426857,3,208,4,26.654545454545456
2015-07-28,594977.6665523,3408,54,33,47.97,0,2015,7,28,1,31,0,652999.1942961001,607836.498977,601452.258023,669548.425059,677348.0464865428,689422.1757964857,729295.0990749393,3,209,4,61.96363636363636
2015-07-29,625449.98155,8747,54,33,48.77,0,2015,7,29,2,31,0,594977.6665523,631385.408886,664505.1001790001,885953.200992,675511.0704258715,688959.70497715,726631.8576996999,3,210,5,159.03636363636363
2015-07-30,543393.592625,1662,54,33,48.53,0,2015,7,30,3,31,0,625449.98155,541511.421067,584042.727022,705642.2820965,674663.1522350142,686170.0536465071,717328.1712910571,3,211,5,30.21818181818182
2015-07-31,695083.4489723,7021,54,33,47.11,0,2015,7,31,4,31,0,543393.592625,635244.2449785,653452.17114,772773.3939200001,674932.0338861571,683266.5440467214,711533.5752385035,3,212,5,127.65454545454546
2015-08-03,811119.83411,1405,54,33,45.25,0,2015,8,3,0,32,0,1043495.475018,652999.1942961001,685961.243972,754949.70914,742899.1641535285,712478.0374397429,711881.1036417643,3,215,1,25.545454545454547
2015-08-04,726613.35811,3489,54,33,45.75,0,2015,8,4,1,32,0,811119.83411,594977.6665523,607836.498977,654821.0515315,765487.8269840857,721417.9367353143,713887.1795335499,3,216,1,63.43636363636364
2015-08-05,724346.594,8919,54,33,45.13,1,2015,8,5,2,32,0,726613.35811,625449.98155,631385.408886,732992.130029,784292.9257780429,729901.9981019571,716451.1904827821,3,217,1,162.16363636363636
2015-08-06,583375.211759,1529,54,33,44.69,0,2015,8,6,3,32,0,724346.594,543393.592625,541511.421067,605032.4963965,798421.0132709,736542.0827529571,716142.4213388894,3,218,1,27.8
2015-08-07,663326.5180703,6744,54,33,43.87,0,2015,8,7,4,32,0,583375.211759,695083.4489723,635244.2449785,643986.381178,804132.6731471857,739532.3535166716,715368.9468875501,3,219,1,122.61818181818182
2015-08-10,785477.934216,1389,54,33,44.94,1,2015,8,10,0,33,0,679410.125135,811119.83411,652999.1942961001,647967.077874,710327.2653116144,726613.2147325715,707837.9768208822,3,222,2,25.254545454545454
2015-08-11,668280.357956,3358,54,33,43.11,0,2015,8,11,1,33,0,785477.934216,726613.35811,594977.6665523,601452.258023,706664.1367553286,736075.9818697071,712749.0788330964,3,223,2,61.054545454545455
2015-08-12,678064.7316857,7917,54,33,43.22,0,2015,8,12,2,33,0,668280.357956,724346.594,625449.98155,664505.1001790001,698330.8510190428,741311.8883985429,715135.7966878464,3,224,2,143.94545454545454
2015-08-13,557859.477954,1482,54,33,42.27,0,2015,8,13,3,33,0,678064.7316857,583375.211759,543393.592625,584042.727022,691719.1564027143,745070.0848368071,715620.0692416572,3,225,2,26.945454545454545
2015-08-14,734484.205049,6748,54,33,42.45,0,2015,8,14,4,33,0,557859.477954,663326.5180703,695083.4489723,653452.17114,688074.0515734286,746103.3623603071,714684.9532035142,3,226,2,122.69090909090909
2015-08-17,694747.161863,1393,54,33,41.93,0,2015,8,17,0,34,0,913846.62503,785477.934216,811119.83411,685961.243972,753478.9082785286,731903.0867950714,722190.5621174071,3,229,3,25.327272727272728
2015-08-18,629475.6430527,3316,54,33,42.58,0,2015,8,18,1,34,0,694747.161863,668280.357956,726613.35811,607836.498977,740517.3693709571,723590.7530631429,722504.3448992285,3,230,3,60.29090909090909
2015-08-19,653733.3600063,7781,54,33,40.75,0,2015,8,19,2,34,0,629475.6430527,678064.7316857,724346.594,631385.408886,734973.8386704858,716652.3448447643,723277.1714733607,3,231,3,141.47272727272727
2015-08-20,569443.704073,1511,54,33,41.0,0,2015,8,20,3,34,0,653733.3600063,557859.477954,583375.211759,541511.421067,731497.9284305715,711608.5424166428,724075.3125848,3,232,3,27.472727272727273
2015-08-21,653281.208151,7086,54,33,40.45,0,2015,8,21,4,34,0,569443.704073,734484.205049,663326.5180703,635244.2449785,733152.8178761428,710613.4347247856,725072.8941207286,3,233,3,128.83636363636364
2015-08-24,681575.9899773,1491,54,33,38.22,1,2015,8,24,0,35,0,865755.397429,694747.161863,785477.934216,652999.1942961001,695672.3760245715,724575.64215155,725594.4284420607,3,236,4,27.10909090909091
2015-08-25,624698.33755,3525,54,33,39.15,0,2015,8,25,1,35,0,681575.9899773,629475.6430527,668280.357956,594977.6665523,693790.7800409001,717154.0747059286,726615.0282878178,3,237,4,64.0909090909091
2015-08-26,640075.9908365,8142,54,33,38.5,0,2015,8,26,2,35,0,624698.33755,653733.3600063,678064.7316857,625449.98155,693108.3078262286,714041.0732483572,727676.48082345,3,238,4,148.03636363636363
2015-08-27,548043.327354,1462,54,33,42.47,0,2015,8,27,3,35,0,640075.9908365,569443.704073,557859.477954,543393.592625,691157.2550876858,711327.5917591286,728198.8382979679,3,239,4,26.581818181818182
2015-08-28,635737.2322,6846,54,33,45.29,0,2015,8,28,4,35,0,548043.327354,653281.208151,734484.205049,695083.4489723,688100.0584135428,710626.4381448429,728364.900252575,3,240,4,124.47272727272727
2015-08-31,776152.5521897,1257,54,33,49.2,0,2015,8,31,0,36,0,975697.601858,681575.9899773,694747.161863,811119.83411,711825.9395299715,703749.1577772713,717826.1222861714,3,243,5,22.854545454545455
2015-09-01,906549.992952,3595,54,33,45.38,0,2015,9,1,1,36,0,776152.5521897,624698.33755,629475.6430527,726613.35811,725336.8769888857,709563.8285148928,716577.2907890178,3,244,1,65.36363636363636
2015-09-02,879033.0925,8161,54,33,46.3,0,2015,9,2,2,36,0,906549.992952,640075.9908365,653733.3600063,724346.594,765601.3991891714,729354.8535077,723003.5991762321,3,245,1,148.38181818181818
2015-09-03,707093.042,2241,54,33,46.75,0,2015,9,3,3,36,0,879033.0925,548043.327354,569443.704073,583375.211759,799738.1279982429,745447.6915429643,728528.1169798037,3,246,1,40.74545454545454
2015-09-04,736395.302632,7802,54,33,46.02,0,2015,9,4,4,36,0,707093.042,635737.2322,653281.208151,663326.5180703,822459.5158048142,755279.7871091786,732946.6109169822,3,247,1,141.85454545454544
2015-09-07,767382.7769737,2391,54,33,45.97,0,2015,9,7,0,37,0,1147642.583011,776152.5521897,681575.9899773,785477.934216,886533.5656536714,799179.7525918215,761877.6973716858,3,250,1,43.472727272727276
2015-09-08,677312.236066,4385,54,33,45.92,0,2015,9,8,1,37,0,767382.7769737,906549.992952,624698.33755,668280.357956,885280.7406228144,805308.80880585,761231.4417558892,3,251,2,79.72727272727273
2015-09-09,705633.4998935,8964,54,33,44.13,0,2015,9,9,2,37,0,677312.236066,879033.0925,640075.9908365,678064.7316857,852532.4896390999,809066.9444141358,761554.0088312465,3,252,2,162.98181818181817
2015-09-10,577743.795026,2597,54,33,45.85,0,2015,9,10,3,37,0,705633.4998935,707093.042,548043.327354,557859.477954,827761.1192667428,813749.6236324927,762538.6076958106,3,253,2,47.21818181818182
2015-09-11,651330.167952,7873,54,33,44.75,0,2015,9,11,4,37,0,577743.795026,736395.302632,635737.2322,734484.205049,809282.6554133144,815871.0856090643,763248.7618769536,3,254,2,143.14545454545456
2015-09-14,688405.190061,2433,54,33,44.07,0,2015,9,14,0,38,0,1023345.318906,767382.7769737,776152.5521897,694747.161863,760610.3186900286,823571.9421718501,763660.5499745607,3,257,2,44.236363636363635
2015-09-15,682134.3540295,4657,54,33,44.58,0,2015,9,15,1,38,0,688405.190061,677312.236066,906549.992952,629475.6430527,749327.8062739286,817304.2734483714,763434.0509816322,3,258,3,84.67272727272727
2015-09-16,742089.667998,9156,54,33,47.12,0,2015,9,16,2,38,0,682134.3540295,705633.4998935,879033.0925,653733.3600063,750016.6802687143,801274.5849539071,765314.7192308035,3,259,3,166.47272727272727
2015-09-17,593577.802125,2563,54,33,46.93,0,2015,9,17,3,38,0,742089.667998,577743.795026,707093.042,569443.704073,755224.7042836428,791492.911775193,768470.3016590786,3,260,3,46.6
2015-09-18,653805.874946,7943,54,33,44.71,0,2015,9,18,4,38,0,593577.802125,651330.167952,736395.302632,653281.208151,757486.7052977857,783384.6803555499,769332.2337323643,3,261,3,144.4181818181818
2015-09-21,717725.376959,2517,54,33,46.67,0,2015,9,21,0,39,0,1037532.860693,688405.190061,767382.7769737,681575.9899773,761919.8901302143,761265.1044101215,780222.4285009715,3,264,3,45.763636363636365
2015-09-22,641914.7389995,4480,54,33,46.17,0,2015,9,22,1,39,0,717725.376959,682134.3540295,677312.236066,624698.33755,766108.4882585,757718.1472662144,781513.4780360322,3,265,4,81.45454545454545
2015-09-23,690419.721922,9189,54,33,44.53,0,2015,9,23,2,39,0,641914.7389995,742089.667998,705633.4998935,640075.9908365,760362.8289685,755189.7546186072,782128.3495163714,3,266,4,167.07272727272726
2015-09-24,557321.610921,2352,54,33,44.94,0,2015,9,24,3,39,0,690419.721922,593577.802125,577743.795026,548043.327354,752981.4081005,754103.0561920714,783926.3399122822,3,267,4,42.763636363636365
2015-09-25,646083.8750635,7739,54,33,45.55,0,2015,9,25,4,39,0,557321.610921,653805.874946,651330.167952,635737.2322,747801.9522142143,752644.328756,784257.7071825322,3,268,4,140.70909090909092
2015-09-28,671261.0640092,2245,54,33,44.4,1,2015,9,28,0,40,0,1018062.963565,717725.376959,688405.190061,776152.5521897,737430.6210821428,749675.2556061784,786623.5988890143,3,271,4,40.81818181818182
2015-09-29,609130.6581453,4278,54,33,45.24,0,2015,9,29,1,40,0,671261.0640092,641914.7389995,682134.3540295,906549.992952,730792.8620893144,748450.6751739072,782877.4743111393,3,272,5,77.78181818181818
2015-09-30,711182.539054,9027,54,33,45.06,0,2015,9,30,2,40,0,609130.6581453,690419.721922,742089.667998,879033.0925,726109.4219672858,743236.125467893,772255.3552109001,3,273,5,164.12727272727273
2015-10-01,796340.858947,2231,54,33,44.75,0,2015,10,1,3,40,0,711182.539054,557321.610921,593577.802125,707093.042,729075.5387004287,741028.4734004643,766260.6925878285,4,274,1,40.56363636363636
2015-10-02,830719.387744,7801,54,33,45.54,0,2015,10,2,4,40,0,796340.858947,646083.8750635,653805.874946,736395.302632,763221.1455612857,755511.54888775,769448.1146216501,4,275,1,141.83636363636364
2015-10-05,809524.837996,1990,54,33,46.28,0,2015,10,5,0,41,0,1234130.938595,671261.0640092,717725.376959,767382.7769737,861734.5177313572,799582.56940675,780423.8369084357,4,278,1,36.18181818181818
2015-10-06,696169.275967,3989,54,33,48.53,0,2015,10,6,1,41,0,809524.837996,609130.6581453,641914.7389995,677312.236066,881486.485443757,806139.6737665357,781928.910516375,4,279,1,72.52727272727273
2015-10-07,720562.330573,8798,54,33,47.86,1,2015,10,7,2,41,0,696169.275967,711182.539054,690419.721922,705633.4998935,893920.573704,810014.9978356428,782602.376227125,4,280,1,159.96363636363637
2015-10-08,603066.030064,2042,54,33,49.46,0,2015,10,8,3,41,0,720562.330573,796340.858947,557321.610921,577743.795026,895260.543921,812168.0413107143,783135.548751393,4,281,2,37.127272727272725
2015-10-09,873934.7190479999,7815,54,33,49.67,1,2015,10,9,4,41,0,603066.030064,830719.387744,646083.8750635,651330.167952,867649.8540805714,815435.4998209284,784039.9142884642,4,282,2,142.0909090909091
2015-10-12,721634.5721813,1864,54,33,47.09,0,2015,10,12,0,42,0,973329.203973,809524.837996,671261.0640092,688405.190061,792020.48152,826877.4996256785,788276.3776159285,4,285,2,33.89090909090909
2015-10-13,585141.5538577,3899,54,33,46.7,0,2015,10,13,1,42,0,721634.5721813,696169.275967,609130.6581453,682134.3540295,779464.7292607572,830475.6073522571,789463.141263082,4,286,2,70.89090909090909
2015-10-14,688198.106351,8778,54,33,46.63,0,2015,10,14,2,42,0,585141.5538577,720562.330573,711182.539054,742089.667998,763603.6261022857,828762.0999031429,785999.112685518,4,287,2,159.6
2015-10-15,577952.197162,1289,54,33,46.38,0,2015,10,15,3,42,0,688198.106351,603066.030064,796340.858947,593577.802125,758980.165499143,827120.3547100715,784074.4140552679,4,288,3,23.436363636363637
2015-10-16,693829.351874,6959,54,33,47.3,0,2015,10,16,4,42,0,577952.197162,873934.7190479999,830719.387744,653805.874946,755392.4750845714,811521.1645825716,783516.3567351607,4,289,3,126.52727272727273
2015-10-19,699259.488037,1166,54,33,45.91,0,2015,10,19,0,43,0,1071477.102879,721634.5721813,809524.837996,717725.376959,756612.263190857,774316.3723554285,786949.4708810893,4,292,3,21.2
2015-10-20,660308.361186,3039,54,33,45.84,0,2015,10,20,1,43,0,699259.488037,585141.5538577,696169.275967,641914.7389995,753415.8225988143,766440.2759297857,786289.9748481606,4,293,3,55.25454545454546
2015-10-21,672847.3460333,7950,54,33,45.22,0,2015,10,21,2,43,0,660308.361186,688198.106351,720562.330573,690419.721922,764153.9379314285,763878.7820168572,786946.8899262501,4,294,3,144.54545454545453
2015-10-22,547020.0469813,1019,54,33,44.9,0,2015,10,22,3,43,0,672847.3460333,577952.197162,603066.030064,557321.610921,761960.9721717571,760470.5688354501,786319.3050730821,4,295,4,18.527272727272727
2015-10-23,639040.6062,6519,54,33,43.91,0,2015,10,23,4,43,0,547020.0469813,693829.351874,873934.7190479999,646083.8750635,757542.0935745143,756467.2843295428,785951.3920752357,4,296,4,118.52727272727273
2015-10-26,649914.352338,842,54,33,43.19,0,2015,10,26,0,44,0,1018783.141953,699259.488037,721634.5721813,671261.0640092,728172.8144302286,742392.5388105429,784635.0192181107,4,299,4,15.309090909090909
2015-10-27,587066.101075,2944,54,33,43.21,0,2015,10,27,1,44,0,649914.352338,660308.361186,585141.5538577,609130.6581453,721123.5093303715,737269.6659645928,783872.6366584251,4,300,4,53.527272727272724
2015-10-28,599388.1222552,7811,54,33,45.93,0,2015,10,28,2,44,0,587066.101075,672847.3460333,688198.106351,711182.539054,710660.3293145143,737407.1336229715,783084.6167630571,4,301,4,142.01818181818183
2015-10-29,511860.0689186,1392,54,33,46.02,0,2015,10,29,3,44,0,599388.1222552,547020.0469813,577952.197162,796340.858947,700166.1544890713,731063.5633304144,779091.9590202429,4,302,5,25.30909090909091
2015-10-30,635875.8911987,7060,54,33,46.6,0,2015,10,30,4,44,0,511860.0689186,639040.6062,693829.351874,830719.387744,695143.3004801143,726342.6970273143,768931.9308049429,4,303,5,128.36363636363637
2015-11-02,762549.794932,1715,54,33,46.12,1,2015,11,2,0,45,0,819250.388037,649914.352338,699259.488037,809524.837996,674187.3965286429,701180.1054794358,737748.238917432,4,306,1,31.181818181818183
2015-11-03,1033439.132986,3898,54,33,47.88,1,2015,11,3,1,45,0,762549.794932,587066.101075,660308.361186,696169.275967,690278.1740420713,705700.8416862215,736070.5588080036,4,307,1,70.87272727272727
2015-11-04,855494.43996,9041,54,33,46.32,0,2015,11,4,2,45,0,1033439.132986,599388.1222552,672847.3460333,720562.330573,754045.7500293572,732353.0396719358,748115.9108443965,4,308,1,164.38181818181818
2015-11-05,649662.670907,1872,54,33,45.27,0,2015,11,5,3,45,0,855494.43996,511860.0689186,547020.0469813,603066.030064,790632.3668443287,745399.2606667,752934.914751075,4,309,1,34.03636363636364
2015-11-06,671145.788057,7448,54,33,44.32,1,2015,11,6,4,45,0,649662.670907,635875.8911987,639040.6062,873934.7190479999,810318.4528426713,752730.8766613929,754599.080495468,4,310,1,135.4181818181818
2015-11-09,683644.901987,1707,54,33,43.87,0,2015,11,9,0,46,0,1077361.9559685,762549.794932,649914.352338,721634.5721813,854196.7324239286,764192.0644762857,753292.3016434143,4,313,2,31.036363636363635
2015-11-10,623529.1790699,3788,54,33,44.23,1,2015,11,10,1,46,0,683644.901987,1033439.132986,587066.101075,585141.5538577,842924.6048603572,766601.3894512143,751935.5277079036,4,314,2,68.87272727272727
2015-11-11,689746.212316,8741,54,33,42.95,1,2015,11,11,2,46,0,623529.1790699,855494.43996,599388.1222552,688198.106351,784366.0400152,769205.8950222785,753306.5143226249,4,315,2,158.92727272727274
2015-11-12,506937.6640027,1777,54,33,41.74,1,2015,11,12,3,46,0,689746.212316,649662.670907,511860.0689186,577952.197162,760687.7217803429,775660.0443123357,753361.8038213749,4,316,2,32.30909090909091
2015-11-13,626674.025055,7175,54,33,40.69,0,2015,11,13,4,46,0,506937.6640027,671145.788057,635875.8911987,693829.351874,740298.4350797286,775308.4439612001,750825.5704942571,4,317,2,130.45454545454547
2015-11-16,716508.7092175,2524,54,33,41.68,0,2015,11,16,0,47,0,1056159.462651,683644.901987,762549.794932,699259.488037,722041.2539986571,788118.9932112928,744649.5493453642,4,320,3,45.89090909090909
2015-11-17,618919.988059,4525,54,33,40.73,0,2015,11,17,1,47,0,716508.7092175,623529.1790699,1033439.132986,660308.361186,726736.0836030142,784830.3442316856,745265.5929589536,4,321,3,82.27272727272727
2015-11-18,683954.18795,9935,54,33,40.75,0,2015,11,18,2,47,0,618919.988059,689746.212316,855494.43996,672847.3460333,726077.6277443143,755221.8338797571,743787.4367758464,4,322,3,180.63636363636363
2015-11-19,560452.567301,2888,54,33,40.55,0,2015,11,19,3,47,0,683954.18795,506937.6640027,649662.670907,547020.0469813,725250.1956920286,742968.9587361858,744184.1097014429,4,323,3,52.50909090909091
2015-11-20,665619.668251,8109,54,33,39.39,0,2015,11,20,4,47,0,560452.567301,626674.025055,671145.788057,639040.6062,732895.1818775,736596.8084786143,744663.8425700037,4,324,3,147.43636363636364
2015-11-23,696685.460932,2307,54,33,39.27,0,2015,11,23,0,48,0,1015844.2849005,716508.7092175,683644.901987,649914.352338,732146.6124764143,727093.9332375358,745642.9988569107,4,327,4,41.945454545454545
2015-11-24,612710.200935,4508,54,33,40.89,0,2015,11,24,1,48,0,696685.460932,618919.988059,623529.1790699,587066.101075,729314.7198642,728025.401733607,747313.3955924107,4,328,4,81.96363636363637
2015-11-25,658917.83013,9548,54,33,41.22,0,2015,11,25,2,48,0,612710.200935,683954.18795,689746.212316,599388.1222552,728427.6074179142,727252.6175811143,748229.2563016965,4,329,4,173.6
2015-11-26,530358.330027,2134,54,33,40.895,0,2015,11,26,3,48,0,658917.83013,560452.567301,506937.6640027,511860.0689186,724850.9848722,725050.5902821142,750355.317297225,4,330,4,38.8
2015-11-27,645087.0350447,7812,54,33,40.57,1,2015,11,27,4,48,0,530358.330027,665619.668251,626674.025055,635875.8911987,720551.8081187715,726723.4949981357,751015.9694796678,4,331,4,142.03636363636363
2015-11-30,762036.1239965,2190,54,33,40.43,1,2015,11,30,0,49,0,1070619.802932,696685.460932,716508.7092175,762549.794932,723567.8091263857,727857.2108014001,757988.1020063466,4,334,5,39.81818181818182
2015-12-01,857620.9426407,5121,54,33,40.58,0,2015,12,1,1,49,0,762036.1239965,612710.200935,618919.988059,1033439.132986,732903.6181356001,731109.1689999001,757969.756615793,4,335,1,93.10909090909091
2015-12-02,867269.5758400001,10113,54,33,39.93,0,2015,12,2,2,49,0,857620.9426407,658917.83013,683954.18795,855494.43996,767890.8669507001,748159.2371843072,751690.5355320321,4,336,1,183.87272727272727
2015-12-03,676883.031992,2513,54,33,41.08,0,2015,12,3,3,49,0,867269.5758400001,530358.330027,560452.567301,649662.670907,797655.4020521287,761253.1934621643,752111.076099175,4,337,1,45.69090909090909
2015-12-04,749354.1319635,8073,54,33,40.0,0,2015,12,4,4,49,0,676883.031992,645087.0350447,665619.668251,671145.788057,818587.5023328429,769569.6552258071,753083.2318522107,4,338,1,146.78181818181818
2015-12-07,822334.708983,2031,54,33,37.64,0,2015,12,7,0,50,0,1143119.31945,762036.1239965,696685.460932,683644.901987,860355.0705369571,791961.4398316714,759527.6865346037,4,341,1,36.92727272727273
2015-12-08,712569.16983,4241,54,33,37.46,1,2015,12,8,1,50,0,822334.708983,857620.9426407,612710.200935,623529.1790699,868969.1541064571,800936.3861210287,764480.8939273179,4,342,2,77.10909090909091
2015-12-09,747893.782087,9603,54,33,37.16,0,2015,12,9,2,50,0,712569.16983,867269.5758400001,658917.83013,689746.212316,848247.4722763571,808069.1696135286,767660.8935973215,4,343,2,174.6
2015-12-10,657427.1785246,2013,54,33,36.76,0,2015,12,10,3,50,0,747893.782087,676883.031992,530358.330027,506937.6640027,831193.7874545,814424.5947533144,769737.5925177144,4,344,2,36.6
2015-12-11,708392.807819,7574,54,33,35.65,0,2015,12,11,4,50,0,657427.1785246,749354.1319635,645087.0350447,626674.025055,828414.3798163,823500.9410745715,775112.2180363536,4,345,2,137.70909090909092
2015-12-14,811613.7221567,1672,54,33,36.31,0,2015,12,14,0,51,0,1059425.4213405,822334.708983,762036.1239965,716508.7092175,803387.2789821571,831871.1747595571,779864.1927804786,4,348,2,30.4
2015-12-15,779809.953397,5965,54,33,37.32,0,2015,12,15,1,51,0,811613.7221567,712569.16983,857620.9426407,618919.988059,801855.7094355428,835412.4317709999,783260.80038545,4,349,3,108.45454545454545
2015-12-16,859930.249129,11274,54,33,35.55,0,2015,12,16,2,51,0,779809.953397,747893.782087,867269.5758400001,683954.18795,811461.5356593999,829854.5039678785,789006.8705760929,4,350,3,204.98181818181817
2015-12-17,809809.748717,2120,54,33,34.98,0,2015,12,17,3,51,0,859930.249129,657427.1785246,676883.031992,560452.567301,827466.7452368286,829330.2663456643,795291.7299039143,4,351,3,38.54545454545455
2015-12-18,893569.902701,7493,54,33,34.72,0,2015,12,18,4,51,0,809809.748717,708392.807819,749354.1319635,665619.668251,849235.6838357429,838825.0318260214,804197.3435259142,4,352,3,136.23636363636365
2015-12-21,1072887.476889,1811,54,33,34.55,1,2015,12,21,0,52,0,1175416.9636673,811613.7221567,822334.708983,696685.460932,917953.4368051857,860670.3578936715,826315.8988626713,4,355,3,32.92727272727273
2015-12-22,1141861.90926,4122,54,33,36.12,1,2015,12,22,1,52,0,1072887.476889,779809.953397,712569.16983,612710.200935,955278.2589098001,878566.9841726715,839751.68514685,4,356,4,74.94545454545455
2015-12-23,1196146.056374,9276,54,33,36.76,1,2015,12,23,2,52,0,1141861.90926,859930.249129,747893.782087,658917.83013,1006999.9668902287,909230.7512748142,858649.9604441713,4,357,4,168.65454545454546
2015-12-24,1083680.315238,1838,54,33,37.62,1,2015,12,24,3,52,0,1196146.056374,809809.748717,657427.1785246,530358.330027,1055030.7964966572,941248.7708667429,877836.6828100284,4,358,4,33.41818181818182
2015-12-28,789684.9127821,1316,54,33,36.36,0,2015,12,28,0,53,0,837714.129168,1175416.9636673,1059425.4213405,1070619.802932,1064918.8630517572,983151.0397622715,907910.9066034679,4,362,4,23.927272727272726
2015-12-29,870762.025758,3848,54,33,37.88,0,2015,12,29,1,53,0,789684.9127821,1072887.476889,811613.7221567,762036.1239965,1009814.2843538715,963883.8605795286,897877.5176695428,4,363,5,69.96363636363637
2015-12-30,1030043.735764,9068,54,33,36.59,0,2015,12,30,2,53,0,870762.025758,1141861.90926,779809.953397,857620.9426407,980939.2199065856,968108.7394081929,901760.5855895964,4,364,5,164.87272727272727
2015-12-31,964641.541501,1638,54,33,37.13,1,2015,12,31,3,53,0,1030043.735764,1196146.056374,859930.249129,867269.5758400001,964965.1951214428,985982.5810058358,907918.542486857,4,365,5,29.78181818181818
2016-01-01,16433.394,159,54,33,36.97,1,2016,1,1,4,53,0,964641.541501,1083680.315238,809809.748717,676883.031992,931893.1215681572,993461.9590324071,911396.1126890357,1,1,1,2.890909090909091
2016-01-04,955956.875097,1741,54,33,36.81,0,2016,1,4,0,1,0,1226735.719895,789684.9127821,1175416.9636673,1143119.31945,852139.8220803001,958529.3425660285,908446.362936375,1,4,1,31.654545454545456
2016-01-05,835320.439089,3950,54,33,35.97,0,2016,1,5,1,1,0,955956.875097,870762.025758,1072887.476889,822334.708983,875892.9595538572,942853.6219538643,901761.9899237677,1,5,1,71.81818181818181
2016-01-06,821685.655923,8959,54,33,33.97,0,2016,1,6,2,1,0,835320.439089,1030043.735764,1141861.90926,712569.16983,870829.875744,925884.5478252928,902225.765998982,1,6,1,162.8909090909091
2016-01-07,653504.3669428,1998,54,33,33.29,0,2016,1,7,3,1,0,821685.655923,964641.541501,1196146.056374,747893.782087,841064.4357667144,903014.8154440785,906122.7833594464,1,7,1,36.32727272727273
2016-01-08,713608.3341557,7235,54,33,33.2,0,2016,1,8,4,1,0,653504.3669428,16433.394,1083680.315238,657427.1785246,796616.2679726856,864254.6947704215,902751.7328185822,1,8,2,131.54545454545453
2016-01-11,705495.240963,1467,54,33,31.42,0,2016,1,11,0,2,0,1094693.83696,955956.875097,789684.9127821,1059425.4213405,866282.7094736428,859211.2657769714,921181.1527696215,1,11,2,26.672727272727272
2016-01-12,647058.461085,3683,54,33,30.42,0,2016,1,12,1,2,0,705495.240963,835320.439089,870762.025758,811613.7221567,830502.4760259285,853197.7177898929,908540.7891847107,1,12,2,66.96363636363637
2016-01-13,660045.317135,8823,54,33,30.42,0,2016,1,13,2,2,0,647058.461085,821685.655923,1030043.735764,779809.953397,803607.9077396429,837218.8917418214,902663.8155750071,1,13,2,160.4181818181818
2016-01-14,561972.62307,1917,54,33,31.22,0,2016,1,14,3,2,0,660045.317135,653504.3669428,964641.541501,859930.249129,780516.4307699285,810790.4332683214,898386.5071370786,1,14,2,34.85454545454545
2016-01-15,671027.100027,7696,54,33,29.45,0,2016,1,15,4,2,0,561972.62307,713608.3341557,16433.394,809809.748717,767440.4673595286,782028.367666107,887745.1633492571,1,15,3,139.92727272727274
2016-01-18,709784.229951,2201,54,33,28.96,0,2016,1,18,0,3,0,1057997.343303,705495.240963,955956.875097,1175416.9636673,751917.6045741428,809100.1570238929,883814.7497949607,1,18,3,40.018181818181816
2016-01-19,630929.75099,4738,54,33,28.47,0,2016,1,19,1,3,0,709784.229951,647058.461085,835320.439089,1072887.476889,752530.3172867142,791516.3966563214,867185.0093050929,1,19,3,86.14545454545454
2016-01-20,738744.013045,10589,54,33,26.68,0,2016,1,20,2,3,0,630929.75099,660045.317135,821685.655923,1141861.90926,750226.2158445715,776917.0617921072,851400.8048087001,1,20,3,192.52727272727273
2016-01-21,552820.7690359,940,54,33,29.55,0,2016,1,21,3,3,0,738744.013045,561972.62307,653504.3669428,1196146.056374,761468.8866888572,770992.6587293929,837003.7370867357,1,21,3,17.09090909090909
2016-01-22,648431.428037,6542,54,33,32.07,0,2016,1,22,4,3,0,552820.7690359,671027.100027,713608.3341557,1083680.315238,760161.4789696999,763800.9731646143,814027.833967518,1,22,4,118.94545454545455
2016-01-25,658090.687097,782,54,33,30.31,0,2016,1,25,0,4,0,980927.7570135,709784.229951,705495.240963,789684.9127821,738341.8259993428,745129.7152867429,802170.4905318571,1,25,4,14.218181818181819
2016-01-26,609465.787904,3075,54,33,29.54,0,2016,1,26,1,4,0,658090.687097,630929.75099,647058.461085,870762.025758,730957.0341630571,741743.6757248857,797470.6967573892,1,26,4,55.90909090909091
2016-01-27,647254.67807,8217,54,33,32.32,0,2016,1,27,2,4,0,609465.787904,738744.013045,660045.317135,1030043.735764,727890.7537221999,739058.4847833858,788138.6882626035,1,27,4,149.4
2016-01-28,533709.8489592,2483,54,33,33.21,0,2016,1,28,3,4,0,647254.67807,552820.7690359,561972.62307,964641.541501,714820.8487257714,738144.8677073142,774467.6504878179,1,28,4,45.14545454545455
2016-01-29,660492.758086,8261,54,33,33.66,0,2016,1,29,4,4,0,533709.8489592,648431.428037,671027.100027,16433.394,712090.7172862429,736126.0981279714,759077.2328970394,1,29,5,150.2
2016-02-01,872063.3148838,2805,54,33,31.62,0,2016,2,1,0,5,0,1093211.2294,658090.687097,709784.229951,955956.875097,738880.4809067427,738611.1534530428,773855.655238468,1,32,1,51.0
2016-02-02,765233.207779,4924,54,33,29.9,0,2016,2,2,1,5,0,872063.3148838,609465.787904,630929.75099,835320.439089,769447.9991619999,750202.5166625286,770859.456659425,1,33,1,89.52727272727273
2016-02-03,772360.939004,9935,54,33,32.29,0,2016,2,3,2,5,0,765233.207779,647254.67807,738744.013045,821685.655923,791700.4877155714,759795.6207188856,768356.3412554965,1,34,1,180.63636363636363
2016-02-04,650328.166941,3326,54,33,31.63,0,2016,2,4,3,5,0,772360.939004,533709.8489592,552820.7690359,653504.3669428,809572.8107061429,762196.829715957,766594.7442226751,1,35,1,60.472727272727276
2016-02-05,768586.5079877,9244,54,33,30.86,0,2016,2,5,4,5,0,650328.166941,660492.758086,648431.428037,713608.3341557,826232.5704178285,769161.6438520356,766481.308508325,1,36,1,168.07272727272726
2016-02-08,636542.677274,3245,54,33,29.71,1,2016,2,8,0,6,0,697791.630994,872063.3148838,658090.687097,705495.240963,781188.2633770715,760034.3721419071,752582.0437143251,1,39,2,59.0
2016-02-09,746939.64016,5542,54,33,27.96,1,2016,2,9,1,6,0,636542.677274,765233.207779,609465.787904,647058.461085,747542.4580042429,758495.2285831214,750119.4521540037,1,40,2,100.76363636363637
2016-02-10,790988.713851,10965,54,33,27.54,0,2016,2,10,2,6,0,746939.64016,772360.939004,647254.67807,660045.317135,744929.0912015286,768314.7894585499,753686.6371209678,1,41,2,199.36363636363637
2016-02-11,646376.371075,5650,54,33,26.19,0,2016,2,11,3,6,0,790988.713851,650328.166941,533709.8489592,561972.62307,747590.2018939572,778581.5063000501,758363.1870036823,1,42,2,102.72727272727273
2016-02-12,698152.0698755,11248,54,33,29.32,0,2016,2,12,4,6,0,646376.371075,768586.5079877,660492.758086,671027.100027,747025.6596273857,786629.1150226071,761377.6065752894,1,43,2,204.5090909090909
2016-02-15,746671.290005,5744,54,33,29.185,0,2016,2,15,0,7,0,940214.498527,636542.677274,872063.3148838,709784.229951,759748.1425367143,770468.2029568929,754539.6782049679,1,46,3,104.43636363636364
2016-02-16,719111.88609,6223,54,33,29.05,0,2016,2,16,1,7,0,746671.290005,746939.64016,765233.207779,630929.75099,775480.8014982857,761511.6297512642,755857.0732068963,1,47,3,113.14545454545454
2016-02-17,723794.722013,11241,54,33,30.68,0,2016,2,17,2,7,0,719111.88609,790988.713851,772360.939004,738744.013045,771505.4080597144,758217.2496306215,759006.4351747535,1,48,3,204.38181818181818
2016-02-18,570072.678149,3949,54,33,30.77,0,2016,2,18,3,7,0,723794.722013,646376.371075,650328.166941,552820.7690359,761906.2663685714,754748.2341312644,758472.5319236107,1,49,3,71.8
2016-02-19,672510.133621,9501,54,33,29.59,0,2016,2,19,4,7,0,570072.678149,698152.0698755,768586.5079877,648431.428037,751005.7388077143,749015.6992175501,759088.6715347928,1,50,3,172.74545454545455
2016-02-22,698907.63622,4009,54,33,31.37,0,2016,2,22,0,8,0,991384.2700283,746671.290005,636542.677274,658090.687097,758190.7430208286,758969.4427787715,759501.9074603393,1,53,4,72.89090909090909
2016-02-23,641329.0610941,6027,54,33,31.84,0,2016,2,23,1,8,0,698907.63622,719111.88609,746939.64016,609465.787904,751367.3639086857,763424.0827034857,760959.6556433036,1,54,4,109.58181818181818
2016-02-24,675573.377814,11117,54,33,30.35,0,2016,2,24,2,8,0,641329.0610941,723794.722013,790988.713851,647254.67807,740255.5317664143,755880.4699130644,762097.6296858072,1,55,4,202.12727272727273
2016-02-25,557959.327812,3236,54,33,31.4,0,2016,2,25,3,8,0,675573.377814,570072.678149,646376.371075,533709.8489592,733366.7683094144,747636.5173389928,763109.0118195213,1,56,4,58.836363636363636
2016-02-26,641922.8016649,9782,54,33,31.65,0,2016,2,26,4,8,0,557959.327812,672510.133621,698152.0698755,660492.758086,731636.2896898427,741321.0142487787,763975.0646356929,1,57,4,177.85454545454544
2016-02-29,726619.7578255,3956,54,33,32.74,0,2016,2,29,0,9,0,994502.727301,698907.63622,746671.290005,872063.3148838,732414.1429478572,745302.4429843428,757885.3229706178,1,60,5,71.92727272727272
2016-03-01,897927.643296,6666,54,33,34.39,0,2016,3,1,1,9,0,726619.7578255,641329.0610941,719111.88609,765233.207779,736373.0174629287,743870.1906858071,752690.9102185358,1,61,1,121.2
2016-03-02,878452.364907,11706,54,33,34.57,1,2016,3,2,2,9,0,897927.643296,675573.377814,723794.722013,772360.939004,773029.9577774856,756642.74477195,757429.9972012857,1,62,1,212.83636363636364
2016-03-03,671564.7523075,3490,54,33,34.56,0,2016,3,3,3,9,0,878452.364907,557959.327812,570072.678149,650328.166941,802012.6702193429,767689.7192643785,761218.9766978214,1,63,1,63.45454545454545
2016-03-04,747546.7958183,9322,54,33,35.91,0,2016,3,4,4,9,0,671564.7523075,641922.8016649,672510.133621,768586.5079877,818242.0165758429,774939.1531328429,761977.4261751964,1,64,1,169.4909090909091
2016-03-07,738126.524119,3446,54,33,37.9,0,2016,3,7,0,10,0,1078958.5091855,726619.7578255,698907.63622,636542.677274,861384.3571989714,796899.2500734143,777934.3464260928,1,67,1,62.654545454545456
2016-03-08,642291.3448895,5398,54,33,36.67,0,2016,3,8,1,10,0,738126.524119,897927.643296,641329.0610941,746939.64016,863028.1809551857,799700.5992090572,781562.3409562714,1,68,2,98.14545454545454
2016-03-09,694645.8489091,10754,54,33,37.62,0,2016,3,9,2,10,0,642291.3448895,878452.364907,675573.377814,790988.713851,826508.7097542571,799769.3337658712,777824.9018394678,1,69,2,195.52727272727273
2016-03-10,572491.856825,3430,54,33,37.77,0,2016,3,10,3,10,0,694645.8489091,671564.7523075,557959.327812,646376.371075,800250.6360402714,801131.6531298071,774384.0852344,1,70,2,62.36363636363637
2016-03-11,664893.5129268001,9111,54,33,38.51,0,2016,3,11,4,10,0,572491.856825,747546.7958183,641922.8016649,698152.0698755,786097.3652570571,802169.6909164499,771745.3525826142,1,71,2,165.65454545454546
2016-03-14,668066.393105,3453,54,33,37.2,0,2016,3,14,0,11,0,954980.3301475,738126.524119,726619.7578255,746671.290005,737932.9325268428,799658.6448629071,772480.5439236249,1,74,2,62.78181818181818
2016-03-15,668186.702459,5709,54,33,36.32,0,2016,3,15,1,11,0,668066.393105,642291.3448895,897927.643296,719111.88609,727924.3423819857,795476.2616685858,769673.2261771964,1,75,3,103.8
2016-03-16,739805.377693,10828,54,33,38.43,0,2016,3,16,2,11,0,668186.702459,694645.8489091,878452.364907,723794.722013,731623.6791776286,779066.1944659429,767854.4696189464,1,76,3,196.87272727272727
2016-03-17,580452.5319757,4979,54,33,40.17,0,2016,3,17,3,11,0,739805.377693,572491.856825,671564.7523075,570072.678149,738075.0404324715,769162.8382363714,768426.278750375,1,77,3,90.52727272727273
2016-03-18,666756.8191527,9539,54,33,39.47,0,2016,3,18,4,11,0,580452.5319757,664893.5129268001,747546.7958183,672510.133621,739212.2797397143,762654.8224983857,768796.9878156144,1,78,3,173.43636363636364
2016-03-21,690469.800941,4119,54,33,39.91,0,2016,3,21,0,12,0,929605.582019,668066.393105,738126.524119,698907.63622,735415.9883532,736674.4604400214,766786.8552567179,1,81,3,74.89090909090909
2016-03-22,622695.8369947,5900,54,33,41.45,0,2016,3,22,1,12,0,690469.800941,668186.702459,642291.3448895,641329.0610941,738616.4751869143,733270.40878445,766485.5039967537,1,82,4,107.27272727272727
2016-03-23,714881.17408,11249,54,33,38.28,0,2016,3,23,2,12,0,622695.8369947,739805.377693,694645.8489091,675573.377814,732117.7801205857,731870.7296491071,765820.0317074893,1,83,4,204.52727272727273
2016-03-24,660489.8450025,2340,54,33,38.14,0,2016,3,24,3,12,0,714881.17408,580452.5319757,572491.856825,557959.327812,728557.1796044428,733316.1100184572,767223.8815741322,1,84,4,42.54545454545455
2016-03-25,633524.200062,7584,54,33,38.065,1,2016,3,25,4,12,0,660489.8450025,666756.8191527,664893.5129268001,641922.8016649,739991.0814654144,739601.6806025644,770885.6857595071,1,85,4,137.8909090909091
2016-03-28,661057.8656583,2380,54,33,37.99,0,2016,3,28,0,13,0,833336.064862,690469.800941,668066.393105,726619.7578255,707932.9199196715,721674.4541364358,760666.5494996713,1,88,4,43.27272727272727
2016-03-29,621166.0630926,4467,54,33,36.91,0,2016,3,29,1,13,0,661057.8656583,622695.8369947,668186.702459,897927.643296,703731.2148792858,721173.8450331,758325.0533508428,1,89,5,81.21818181818182
2016-03-30,660138.988943,9807,54,33,36.91,0,2016,3,30,2,13,0,621166.0630926,714881.17408,739805.377693,878452.364907,703512.6757504143,717815.2279354999,748440.7112007214,1,90,5,178.3090909090909
2016-03-31,617374.3379607,3581,54,33,36.94,0,2016,3,31,3,13,0,660138.988943,660489.8450025,580452.5319757,671564.7523075,695692.3635879856,712124.7715962144,740643.8049162928,1,91,5,65.10909090909091
2016-04-01,872467.3200749999,9793,54,33,35.36,1,2016,4,1,4,13,0,617374.3379607,633524.200062,666756.8191527,747546.7958183,689533.0054391572,714762.0434522858,738708.4329753359,2,92,1,178.05454545454546
2016-04-04,795237.1920634999,3643,54,33,34.3,0,2016,4,4,0,14,0,1266908.291001,661057.8656583,690469.800941,738126.524119,835705.349665657,771819.1347926642,754246.7976163429,2,95,1,66.23636363636363
2016-04-05,725750.101045,5677,54,33,34.52,0,2016,4,5,1,14,0,795237.1920634999,621166.0630926,622695.8369947,642291.3448895,854873.8248664,779302.5198728429,756286.4643286464,2,96,1,103.21818181818182
2016-04-06,744784.8430795,11186,54,33,37.74,0,2016,4,6,2,14,0,725750.101045,660138.988943,714881.17408,694645.8489091,869814.4017167428,786663.5387335785,759267.1341913429,2,97,1,203.38181818181818
2016-04-07,587939.720177,3080,54,33,37.3,0,2016,4,7,3,14,0,744784.8430795,617374.3379607,660489.8450025,572491.856825,881906.6665933856,788799.5150906857,761057.8125545714,2,98,1,56.0
2016-04-08,689727.1961377,9240,54,33,39.74,0,2016,4,8,4,14,0,587939.720177,872467.3200749999,633524.200062,664893.5129268001,877701.7211957143,783617.3633174357,761609.5219599999,2,99,2,168.0
2016-04-11,665348.963943,4377,54,33,40.46,0,2016,4,11,0,15,0,1008876.737901,795237.1920634999,661057.8656583,668066.393105,782899.5970925286,809302.4733790929,765488.4637577643,2,102,2,79.58181818181818
2016-04-12,651657.0342615,6825,54,33,42.12,1,2016,4,12,1,15,0,665348.963943,725750.101045,621166.0630926,668186.702459,764344.135932457,809608.9803994285,765391.4127162643,2,103,2,124.0909090909091
2016-04-13,672611.48105,12374,54,33,41.7,0,2016,4,13,2,15,0,651657.0342615,744784.8430795,660138.988943,739805.377693,753759.4121062428,811786.9069114929,764801.0674234965,2,104,2,224.98181818181817
2016-04-14,546785.2089455,3484,54,33,41.45,1,2016,4,14,3,15,0,672611.48105,587939.720177,617374.3379607,580452.5319757,743448.9318163143,812677.7992048499,762401.2854005322,2,105,2,63.345454545454544
2016-04-15,667606.299867,9158,54,33,40.4,0,2016,4,15,4,15,0,546785.2089455,689727.1961377,872467.3200749999,666756.8191527,737569.7159260999,807635.7185609071,761198.8810065964,2,106,3,166.5090909090909
2016-04-18,1345920.6048929,4075,54,33,39.74,1,2016,4,18,0,16,0,1271833.739255,665348.963943,795237.1920634999,690469.800941,762566.3170511427,772732.9570718358,772276.04593225,2,109,3,74.0909090909091
2016-04-19,1152089.208085,6110,54,33,40.88,1,2016,4,19,1,16,0,1345920.6048929,651657.0342615,725750.101045,622695.8369947,859790.8371868428,812067.4865596499,795685.0032162464,2,110,3,111.0909090909091
2016-04-20,1062426.2900389,12650,54,33,42.72,1,2016,4,20,2,16,0,1152089.208085,672611.48105,744784.8430795,714881.17408,931281.1477330572,842520.27991965,814591.9093266141,2,111,3,230.0
2016-04-21,1001079.779168,5526,54,33,43.18,1,2016,4,21,3,16,0,1062426.2900389,546785.2089455,587939.720177,660489.8450025,986968.9775886142,865208.9547024643,827004.234896575,2,112,3,100.47272727272727
2016-04-22,857059.24399,11038,54,33,42.76,1,2016,4,22,4,16,0,1001079.779168,667606.299867,689727.1961377,633524.200062,1051868.2019061144,894718.9589161071,839168.1611167714,2,113,4,200.6909090909091
2016-04-25,680000.753839,5125,54,33,41.67,1,2016,4,25,0,17,0,1039369.932014,1345920.6048929,665348.963943,661057.8656583,1068584.0275483858,915575.1722997642,862438.8228394286,2,116,4,93.18181818181819
2016-04-26,704799.4182328,7306,54,33,42.52,1,2016,4,26,1,17,0,680000.753839,1152089.208085,651657.0342615,621166.0630926,973452.6202549714,916621.7287209071,863115.3545601678,2,117,4,132.83636363636364
2016-04-27,670288.098041,13522,54,33,45.29,1,2016,4,27,2,17,0,704799.4182328,1062426.2900389,672611.48105,660138.988943,909554.0788475142,920417.6132902857,866102.2601008893,2,118,4,245.85454545454544
2016-04-28,543339.849013,6363,54,33,46.03,1,2016,4,28,3,17,0,670288.098041,1001079.779168,546785.2089455,617374.3379607,853534.3371335287,920251.6573610714,866464.7282829607,2,119,4,115.69090909090909
2016-04-29,708711.428894,14393,54,33,45.98,1,2016,4,29,4,17,0,543339.849013,857059.24399,667606.299867,872467.3200749999,788142.9185399571,920005.5602230357,863820.6393919715,2,120,5,261.6909090909091
2016-05-02,973985.670432,9677,54,33,44.75,1,2016,5,2,0,18,0,1270121.20756,680000.753839,1345920.6048929,795237.1920634999,806370.9322389715,937477.4798936786,855105.2184827571,2,123,1,175.94545454545454
2016-05-03,792205.5501393,12286,54,33,43.65,1,2016,5,3,1,18,0,973985.670432,704799.4182328,1152089.208085,725750.101045,848368.7774665428,910910.6988607572,861489.0927102036,2,124,1,223.38181818181818
2016-05-04,798654.4540987,17422,54,33,43.77,1,2016,5,4,2,18,0,792205.5501393,670288.098041,1062426.2900389,744784.8430795,860855.3677389,885204.723293207,863862.5016064286,2,125,1,316.76363636363635
2016-05-05,648701.6029645,9971,54,33,44.33,1,2016,5,5,3,18,0,798654.4540987,543339.849013,1001079.779168,587939.720177,879193.4186042856,866363.8778689072,865786.4162856856,2,126,1,181.29090909090908
2016-05-06,761422.5161262,16096,54,33,44.58,1,2016,5,6,4,18,0,648701.6029645,708711.428894,857059.24399,689727.1961377,894245.0977402142,841194.0081400858,867956.4835280965,2,127,1,292.6545454545454
2016-05-09,771767.6541339,10233,54,33,43.45,1,2016,5,9,0,19,0,820824.6380683,973985.670432,680000.753839,665348.963943,838141.0298302857,822255.9810346285,868915.5766671965,2,130,2,186.05454545454546
2016-05-10,693010.486981,12099,54,33,44.68,1,2016,5,10,1,19,0,771767.6541339,792205.5501393,704799.4182328,651657.0342615,809252.7417877001,828810.7596271215,872716.2441740142,2,131,2,219.98181818181817
2016-05-11,727543.4630335,15793,54,33,46.21,1,2016,5,11,2,19,0,693010.486981,798654.4540987,670288.098041,672611.48105,795082.0184793714,827968.6931091357,874193.1531997107,2,132,2,287.1454545454545
2016-05-12,603394.2070997,8951,54,33,46.64,1,2016,5,12,3,19,0,727543.4630335,648701.6029645,543339.849013,546785.2089455,784923.3054700572,832058.3620371715,876155.0096991214,2,133,2,162.74545454545455
2016-05-13,666833.8999414,14003,54,33,46.22,1,2016,5,13,4,19,0,603394.2070997,761422.5161262,708711.428894,667606.299867,778450.8203465143,836347.9590433643,878176.7596332,2,134,2,254.6
2016-05-16,748112.686851,8877,54,33,47.72,1,2016,5,16,0,20,0,1070331.66738,771767.6541339,973985.670432,1345920.6048929,780821.5571189428,809481.2934746143,873479.3866841465,2,137,3,161.4
2016-05-17,661930.83884,10975,54,33,48.29,0,2016,5,17,1,20,0,748112.686851,693010.486981,792205.5501393,1152089.208085,777442.2760785286,793347.5089331142,852129.1038969356,2,138,3,199.54545454545453
2016-05-18,671232.9593407,14599,54,33,48.12,0,2016,5,18,2,20,0,661930.83884,727543.4630335,798654.4540987,1062426.2900389,773002.3263441,784042.1724117359,834623.4478524715,2,139,3,265.43636363636364
2016-05-19,581470.5602065,8973,54,33,48.16,0,2016,5,19,3,20,0,671232.9593407,603394.2070997,648701.6029645,1001079.779168,764957.9686736999,774940.6370718785,820652.2574703929,2,140,3,163.14545454545456
2016-05-20,706024.0579254,14004,54,33,47.67,0,2016,5,20,4,20,0,581470.5602065,666833.8999414,761422.5161262,857059.24399,761826.0191175286,770138.4197320214,805666.2139360536,2,141,3,254.61818181818182
2016-05-23,695004.681298,8534,54,33,48.12,0,2016,5,23,0,21,0,1030671.62292,748112.686851,771767.6541339,680000.753839,758599.9841676571,769710.7706433,795983.3758389642,2,144,4,155.16363636363636
2016-05-24,606377.2052165,10606,54,33,48.04,1,2016,5,24,1,21,0,695004.681298,661930.83884,693010.486981,704799.4182328,751013.1262315143,764227.7011550214,796519.2303910714,2,145,4,192.83636363636364
2016-05-25,637512.038734,15657,54,33,49.1,0,2016,5,25,2,21,0,606377.2052165,671232.9593407,727543.4630335,670288.098041,743076.8928567285,758039.6096004144,793004.151354775,2,146,4,284.6727272727273
2016-05-26,571968.623123,10758,54,33,49.0,0,2016,5,26,3,21,0,637512.038734,581470.5602065,603394.2070997,543339.849013,738259.6184843428,751608.7935790215,791833.5778080964,2,147,4,195.6
2016-05-27,852689.219312,17133,54,33,49.36,1,2016,5,27,4,21,0,571968.623123,706024.0579254,666833.8999414,708711.428894,736902.1989009858,749364.1090092572,792856.0340263107,2,148,4,311.5090909090909
2016-05-30,752452.419172,11392,54,33,49.23,0,2016,5,30,0,22,0,959853.658039,695004.681298,748112.686851,973985.670432,734227.5208266856,746413.7524971714,777947.522985893,2,151,5,207.12727272727273
2016-05-31,974327.9898907,14668,54,33,49.1,0,2016,5,31,1,22,0,752452.419172,606377.2052165,661930.83884,792205.5501393,742434.3405229714,746723.7333772428,770035.6211551785,2,152,5,266.6909090909091
2016-06-01,811525.320315,15912,54,33,49.07,0,2016,6,1,2,22,0,974327.9898907,637512.038734,671232.9593407,798654.4540987,794998.7383335715,769037.81559515,776539.9940034428,2,153,1,289.3090909090909
2016-06-02,694535.9356793,8059,54,33,49.14,0,2016,6,2,3,22,0,811525.320315,571968.623123,581470.5602065,648701.6029645,819857.7785594285,779058.6985218858,776999.6677968821,2,154,1,146.52727272727273
2016-06-03,742363.085208,11747,54,33,48.69,0,2016,6,3,4,22,0,694535.9356793,852689.219312,706024.0579254,761422.5161262,837367.3946389,787134.7967699429,778636.6082509821,2,155,1,213.5818181818182
2016-06-06,729894.222866,6262,54,33,49.71,0,2016,6,6,0,23,0,1123734.4361,752452.419172,695004.681298,771767.6541339,872990.8289192858,803609.1748729858,786659.9727581429,2,158,1,113.85454545454546
2016-06-07,658714.653306,8345,54,33,50.37,0,2016,6,7,1,23,0,729894.222866,974327.9898907,606377.2052165,693010.486981,869768.229447,806101.2849849857,785164.4930700036,2,159,1,151.72727272727272
2016-06-08,696747.5498651,13972,54,33,51.23,0,2016,6,8,2,23,0,658714.653306,811525.320315,637512.038734,727543.4630335,824680.6099349,809839.6741342357,783939.641867325,2,160,2,254.03636363636363
2016-06-09,547139.6129411,6261,54,33,50.52,0,2016,6,9,3,23,0,696747.5498651,694535.9356793,571968.623123,603394.2070997,808283.7855849144,814070.7820721715,782839.7878255964,2,161,2,113.83636363636364
2016-06-10,637354.31962,12011,54,33,49.09,0,2016,6,10,4,23,0,547139.6129411,742363.085208,852689.219312,666833.8999414,787227.1680508858,812297.2813448928,780830.6951770751,2,162,2,218.38181818181818
2016-06-13,685382.193062,7235,54,33,48.89,0,2016,6,13,0,24,0,947479.764963,729894.222866,752452.419172,748112.686851,723309.7613893857,798150.2951543357,772282.0238257536,2,165,2,131.54545454545453
2016-06-14,622267.7731045,9714,54,33,48.49,0,2016,6,14,1,24,0,685382.193062,658714.653306,974327.9898907,661930.83884,716950.8999888144,793359.5647179071,770041.6490475751,2,166,2,176.61818181818182
2016-06-15,708327.6370845,16034,54,33,47.92,0,2016,6,15,2,24,0,622267.7731045,696747.5498651,811525.320315,671232.9593407,711744.2028171716,768212.4063760357,768625.1109855929,2,167,3,291.5272727272727
2016-06-16,620526.243001,7642,54,33,46.14,0,2016,6,16,3,24,0,708327.6370845,547139.6129411,694535.9356793,581470.5602065,713398.5009913715,760841.1432881429,769949.9209050143,2,168,3,138.94545454545454
2016-06-17,737897.438279,13274,54,33,48.0,0,2016,6,17,4,24,0,620526.243001,637354.31962,742363.085208,706024.0579254,723882.3052856429,755554.7366682643,771344.7667191036,2,169,3,241.34545454545454
2016-06-20,735754.3648971,7609,54,33,49.4,0,2016,6,20,0,25,0,837363.023871,685382.193062,729894.222866,695004.681298,740676.4883018571,731993.1248456214,767801.1498593035,2,172,3,138.34545454545454
2016-06-21,679248.0220203,9623,54,33,48.95,0,2016,6,21,1,25,0,735754.3648971,622267.7731045,658714.653306,606377.2052165,747872.5128497287,732411.7064192714,769256.4957021286,2,173,3,174.96363636363637
2016-06-22,677730.6512057,15476,54,33,49.16,0,2016,6,22,2,25,0,679248.0220203,708327.6370845,696747.5498651,637512.038734,756012.5484091287,733878.37561315,771859.0248736928,2,174,4,281.3818181818182
2016-06-23,559653.337429,6384,54,33,49.34,1,2016,6,23,3,25,0,677730.6512057,620526.243001,547139.6129411,571968.623123,751641.5504264429,732520.0257089072,773295.4038905392,2,175,4,116.07272727272728
2016-06-24,641812.675912,11846,54,33,46.7,0,2016,6,24,4,25,0,559653.337429,737897.438279,637354.31962,852689.219312,742945.4210590143,733413.8631723284,772855.5722586109,2,176,4,215.38181818181818
2016-06-27,684735.608995,6513,54,33,45.8,0,2016,6,27,0,26,0,954344.666933,735754.3648971,685382.193062,752452.419172,729834.3647656571,735255.4265337571,766702.8608440465,2,179,4,118.41818181818182
2016-06-28,596948.934953,8118,54,33,47.93,0,2016,6,28,1,26,0,684735.608995,679248.0220203,622267.7731045,974327.9898907,722545.9710653571,735209.2419575428,764284.4033377251,2,180,4,147.6
2016-06-29,632489.476942,13620,54,33,49.85,0,2016,6,29,2,26,0,596948.934953,677730.6512057,708327.6370845,811525.320315,710788.9586271715,733400.7535181501,750806.5799470928,2,181,5,247.63636363636363
2016-06-30,554144.864923,6662,54,33,48.27,0,2016,6,30,3,26,0,632489.476942,559653.337429,620526.243001,694535.9356793,704325.9337323571,727983.7420793999,744412.4426837715,2,182,5,121.12727272727273
2016-07-01,857027.5539605,12713,54,33,49.02,0,2016,7,1,4,26,0,554144.864923,641812.675912,737897.438279,742363.085208,703539.0090886429,723242.2150738286,739398.4758710464,3,183,1,231.14545454545456
2016-07-04,850891.598845,6906,54,33,47.875,0,2016,7,4,0,27,0,1126713.707945,684735.608995,735754.3648971,729894.222866,790077.8985095,759956.1316375786,745974.6282415999,3,186,1,125.56363636363636
2016-07-05,728011.558041,9188,54,33,46.73,0,2016,7,5,1,27,0,850891.598845,596948.934953,679248.0220203,658714.653306,813814.4684880715,768180.2197767142,750295.9630979929,3,187,1,167.05454545454546
2016-07-06,752110.940641,16405,54,33,47.37,0,2016,7,6,2,27,0,728011.558041,632489.476942,677730.6512057,696747.5498651,832537.7003577857,771663.3294924786,752770.8525528143,3,188,1,298.27272727272725
2016-07-07,591702.7820185,5265,54,33,45.22,0,2016,7,7,3,27,0,752110.940641,554144.864923,559653.337429,547139.6129411,849626.4808862143,776976.2073092858,754748.1165090965,3,189,1,95.72727272727273
2016-07-08,688563.400224,12532,54,33,45.37,0,2016,7,8,4,27,0,591702.7820185,857027.5539605,641812.675912,637354.31962,854991.8976141429,779265.453351393,756339.6582618607,3,190,2,227.85454545454544
2016-07-11,688436.1450485,7134,54,33,44.73,0,2016,7,11,0,28,0,932486.3001359,850891.598845,684735.608995,685382.193062,773146.6501120143,781612.2743107572,758433.8504222572,3,193,2,129.70909090909092
2016-07-12,627039.780111,8817,54,33,46.82,0,2016,7,12,1,28,0,688436.1450485,728011.558041,596948.934953,622267.7731045,749938.7281410856,781876.5983145786,758542.9201360607,3,194,2,160.3090909090909
2016-07-13,642494.4024465,13382,54,33,44.87,0,2016,7,13,2,28,0,627039.780111,752110.940641,632489.476942,708327.6370845,735514.1884367999,784025.9443972929,758713.3489577214,3,195,2,243.3090909090909
2016-07-14,535124.328126,5346,54,33,45.64,0,2016,7,14,3,28,0,642494.4024465,591702.7820185,554144.864923,620526.243001,719854.6829804428,784740.5819333286,756362.1620063643,3,196,2,97.2
2016-07-15,675032.4290353,11407,54,33,45.93,0,2016,7,15,4,28,0,535124.328126,688563.400224,857027.5539605,737897.438279,711772.0467100857,783381.9721621143,753312.0936179714,3,197,3,207.4
2016-07-18,702619.751022,5892,54,33,45.23,0,2016,7,18,0,29,0,932586.6967328,688436.1450485,850891.598845,735754.3648971,712558.0952233,742852.3726676572,751404.2521526179,3,200,3,107.12727272727273
2016-07-19,633176.2922806,7823,54,33,44.64,0,2016,7,19,1,29,0,702619.751022,627039.780111,728011.558041,679248.0220203,714584.3246480857,732261.5263945858,750220.8730856499,3,201,3,142.23636363636365
2016-07-20,686848.847004,13216,54,33,44.96,0,2016,7,20,2,29,0,633176.2922806,642494.4024465,752110.940641,677730.6512057,715460.9692437428,725487.5788402715,748575.4541663751,3,202,3,240.29090909090908
2016-07-21,578823.6890245,5644,54,33,43.96,0,2016,7,21,3,29,0,686848.847004,535124.328126,591702.7820185,559653.337429,721797.3184662428,720826.0007233428,748901.1040163143,3,203,3,102.61818181818182
2016-07-22,646633.655341,10352,54,33,43.41,0,2016,7,22,4,29,0,578823.6890245,675032.4290353,688563.400224,641812.675912,728040.0843088857,719906.0655094858,749585.7594304392,3,204,4,188.21818181818182
2016-07-25,697383.602092,5681,54,33,42.4,1,2016,7,25,0,30,0,847867.677942,702619.751022,688436.1450485,684735.608995,702608.9120885857,707583.5036559429,744597.88898335,3,207,4,103.2909090909091
2016-07-26,622771.923903,7550,54,33,42.16,0,2016,7,26,1,30,0,697383.602092,633176.2922806,627039.780111,596948.934953,701860.8908128714,708222.6077304786,745049.6030225286,3,208,4,137.27272727272728
2016-07-27,651121.9849837,10781,54,33,41.9,0,2016,7,27,2,30,0,622771.923903,686848.847004,642494.4024465,632489.476942,700374.5524732143,707917.7608584786,745971.8526278858,3,209,4,196.01818181818183
2016-07-28,533256.2493581,5647,54,33,41.13,0,2016,7,28,3,30,0,651121.9849837,578823.6890245,535124.328126,554144.864923,695270.7150417429,708534.0167539929,746637.2993436607,3,210,4,102.67272727272727
2016-07-29,669585.8378729,11243,54,33,41.54,0,2016,7,29,4,30,0,533256.2493581,646633.655341,675032.4290353,857027.5539605,688761.0808036857,708400.5825562858,745891.2773592,3,211,5,204.4181818181818
2016-08-01,895580.405053,5349,54,33,40.05,0,2016,8,1,0,31,0,997916.9572141,697383.602092,702619.751022,850891.598845,726035.7753403999,714322.3437144927,728587.3581910749,3,214,1,97.25454545454545
2016-08-02,777592.8388893,7884,54,33,39.5,0,2016,8,2,1,31,0,895580.405053,622771.923903,633176.2922806,728011.558041,754349.6043348286,728105.2475738499,730183.3869842179,3,215,1,143.34545454545454
2016-08-03,779844.8100532,13361,54,33,40.8,0,2016,8,3,2,31,0,777592.8388893,651121.9849837,686848.847004,752110.940641,776466.8779043,738420.7151887572,731954.1470145144,3,216,1,242.92727272727274
2016-08-04,622883.098161,5955,54,33,41.92,0,2016,8,4,3,31,0,779844.8100532,533256.2493581,578823.6890245,591702.7820185,794855.8529142287,745063.2839779856,732944.6423506644,3,217,1,108.27272727272727
2016-08-05,704092.7391311,11624,54,33,41.83,1,2016,8,5,4,31,0,622883.098161,669585.8378729,646633.655341,688563.400224,807659.6884575001,748210.3846305928,734058.2250700392,3,218,1,211.34545454545454
2016-08-08,715195.5388238,6231,54,33,43.06,0,2016,8,8,0,32,0,904321.436838,895580.405053,697383.602092,688436.1450485,791888.3628611572,758962.0691007785,733272.7863783606,3,221,2,113.2909090909091
2016-08-09,635538.981035,8593,54,33,42.78,0,2016,8,9,1,32,0,715195.5388238,777592.8388893,622771.923903,627039.780111,766119.0962569857,760234.350295907,734228.4790131928,3,222,2,156.23636363636365
2016-08-10,658457.436112,13998,54,33,41.75,1,2016,8,10,2,32,0,635538.981035,779844.8100532,651121.9849837,642494.4024465,745825.6879920857,761146.2829481929,734532.0219033357,3,223,2,254.5090909090909
2016-08-11,596729.279945,6448,54,33,43.51,0,2016,8,11,3,32,0,658457.436112,622883.098161,533256.2493581,535124.328126,728484.6345719142,761670.2437430714,735102.130248532,3,224,2,117.23636363636363
2016-08-12,745662.5051491,11760,54,33,44.47,1,2016,8,12,4,32,0,596729.279945,704092.7391311,669585.8378729,675032.4290353,724748.3748267713,766204.0316421356,737302.3070992108,3,225,2,213.8181818181818
2016-08-15,720032.299881,6925,54,33,45.72,1,2016,8,15,0,33,0,761826.1289779,715195.5388238,895580.405053,702619.751022,689759.3984442429,740823.8806527,727573.1121835964,3,228,3,125.9090909090909
2016-08-16,718671.651353,8896,54,33,46.57,0,2016,8,16,1,33,0,720032.299881,635538.981035,777592.8388893,633176.2922806,690450.364309557,728284.7302832715,728194.9889285607,3,229,3,161.74545454545455
2016-08-17,725945.703034,14445,54,33,46.81,0,2016,8,17,2,33,0,718671.651353,658457.436112,779844.8100532,686848.847004,702326.4600692715,724076.0740306786,731248.3946097179,3,230,3,262.6363636363636
2016-08-18,577350.5209386,6847,54,33,48.2,0,2016,8,18,3,33,0,725945.703034,596729.279945,622883.098161,578823.6890245,711967.6410581284,720226.1378150216,732644.7108965035,3,231,3,124.49090909090908
2016-08-19,678767.115815,12171,54,33,48.48,0,2016,8,19,4,33,0,577350.5209386,745662.5051491,704092.7391311,646633.655341,709199.2469143572,716973.8108705643,732592.0977505787,3,232,3,221.29090909090908
2016-08-22,714866.233843,6907,54,33,46.8,0,2016,8,22,0,34,0,901870.149939,720032.299881,715195.5388238,697383.602092,735946.2538286571,712852.82613645,735907.4476186143,3,235,4,125.58181818181818
2016-08-23,660819.9779755,8720,54,33,47.54,0,2016,8,23,1,34,0,714866.233843,718671.651353,635538.981035,622771.923903,735208.2443946572,712829.3043521072,736531.827324007,3,236,4,158.54545454545453
2016-08-24,674613.0479498,13484,54,33,46.29,1,2016,8,24,2,34,0,660819.9779755,725945.703034,658457.436112,651121.9849837,726943.7196264428,714635.0898478571,737890.6863980249,3,237,4,245.16363636363636
2016-08-25,554421.529139,5714,54,33,46.97,0,2016,8,25,3,34,0,674613.0479498,577350.5209386,596729.279945,533256.2493581,719610.4831858429,715789.0621219857,738729.6529325285,3,238,4,103.89090909090909
2016-08-26,646698.272887,11058,54,33,47.64,0,2016,8,26,4,34,0,554421.529139,678767.115815,745662.5051491,669585.8378729,716334.9129287571,712767.0799215572,739485.5557818463,3,239,4,201.05454545454546
2016-08-29,671845.736816,6096,54,33,46.97,0,2016,8,29,0,35,0,858802.419759,714866.233843,720032.299881,895580.405053,700181.2880056143,718063.7709171356,729443.8257849178,3,242,5,110.83636363636364
2016-08-30,624711.335056,8397,54,33,46.32,0,2016,8,30,1,35,0,671845.736816,660819.9779755,718671.651353,777592.8388893,694035.5027160429,714621.87355535,721453.3019193106,3,243,5,152.6727272727273
2016-08-31,731430.1240452,14079,54,33,44.68,0,2016,8,31,2,35,0,624711.335056,674613.0479498,725945.703034,779844.8100532,688877.1251561142,707910.4223912786,715993.2482109786,3,244,5,255.98181818181817
2016-09-01,718105.570925,6204,54,33,43.17,0,2016,9,1,3,35,0,731430.1240452,554421.529139,577350.5209386,622883.098161,696993.8503125999,708302.1667492214,714264.1522821214,3,245,1,112.8
2016-09-02,837129.587642,11445,54,33,44.39,0,2016,9,2,4,35,0,718105.570925,646698.272887,678767.115815,704092.7391311,720377.2848534571,718356.0988911071,717664.9548808357,3,246,1,208.0909090909091
2016-09-05,813763.2950235,5446,54,33,44.620000000000005,0,2016,9,5,0,36,0,1109985.857533,671845.736816,714866.233843,715195.5388238,821541.3461336,760861.3170696071,736857.0716030287,3,249,1,99.01818181818182
2016-09-06,751583.025072,7130,54,33,44.85,0,2016,9,6,1,36,0,813763.2950235,624711.335056,660819.9779755,635538.981035,841815.2830203857,767925.3928682143,740377.3486101606,3,250,1,129.63636363636363
2016-09-07,738543.916999,12437,54,33,45.47,0,2016,9,7,2,36,0,751583.025072,731430.1240452,674613.0479498,658457.436112,859939.8101655286,774408.4676608214,744521.7787543393,3,251,1,226.12727272727273
2016-09-08,595849.2986095,5757,54,33,47.63,0,2016,9,8,3,36,0,738543.916999,718105.570925,554421.529139,596729.279945,860956.0663017858,778974.9583071929,747382.0102145893,3,252,2,104.67272727272727
2016-09-09,658969.026968,11435,54,33,45.88,0,2016,9,9,4,36,0,595849.2986095,837129.587642,646698.272887,745662.5051491,843490.8845424287,781934.084697943,747350.5823097499,3,253,2,207.9090909090909
2016-09-12,678776.4591265,5902,54,33,46.28,0,2016,9,12,0,37,0,1017369.2242663,813763.2950235,671845.736816,720032.299881,784573.7637124715,803057.5549230358,760560.6629200857,3,256,2,107.30909090909091
2016-09-13,603427.946974,7836,54,33,44.91,0,2016,9,13,1,37,0,678776.4591265,751583.025072,624711.335056,718671.651353,765289.9300129,803552.6065166428,759087.2400359965,3,257,2,142.47272727272727
2016-09-14,624262.071976,13238,54,33,43.62,0,2016,9,14,2,37,0,603427.946974,738543.916999,731430.1240452,725945.703034,744124.9188560428,802032.3645107858,754971.3934510321,3,258,2,240.6909090909091
2016-09-15,568324.812986,8373,54,33,43.85,0,2016,9,15,3,37,0,624262.071976,595849.2986095,718105.570925,577350.5209386,727798.9409956143,794377.5036487,751339.8351989608,3,259,3,152.23636363636365
2016-09-16,691912.601466,14453,54,33,43.04,0,2016,9,16,4,37,0,568324.812986,658969.026968,837129.587642,678767.115815,723866.8716208285,783678.8780816287,751017.4884863679,3,260,3,262.7818181818182
2016-09-19,681159.341976,8924,54,33,43.34,0,2016,9,19,0,38,0,1018662.657394,678776.4591265,813763.2950235,714866.233843,726369.4067757857,755471.5852441285,758166.4511568678,3,263,3,162.25454545454545
2016-09-20,650980.3219717001,10992,54,33,43.85,0,2016,9,20,1,38,0,681159.341976,603427.946974,751583.025072,660819.9779755,726709.8186114285,745999.8743121643,756962.6335901894,3,264,3,199.85454545454544
2016-09-21,666928.400013,16166,54,33,45.33,0,2016,9,21,2,38,0,650980.3219717001,624262.071976,738543.916999,674613.0479498,733503.0150396713,738813.966947857,756611.2173043394,3,265,3,293.92727272727274
2016-09-22,533276.332017,9185,54,33,46.1,0,2016,9,22,3,38,0,666928.400013,568324.812986,595849.2986095,554421.529139,739598.2047592428,733698.5728774286,756336.7655923107,3,266,4,167.0
2016-09-23,663685.9846653,14938,54,33,44.36,0,2016,9,23,4,38,0,533276.332017,691912.601466,658969.026968,646698.272887,734591.2789065286,729229.0752636784,755581.5799808108,3,267,4,271.6
2016-09-26,664217.4402937,9248,54,33,45.6,0,2016,9,26,0,39,0,952352.5509251,681159.341976,678776.4591265,671845.736816,715744.7602235858,721057.0834996857,762057.3192113608,3,270,4,168.14545454545456
2016-09-27,587908.3278165,11118,54,33,44.65,0,2016,9,27,1,39,0,664217.4402937,650980.3219717001,603427.946974,624711.335056,713324.4885546856,720017.1535830571,761784.88004985,3,271,4,202.14545454545456
2016-09-28,631761.1750463,15766,54,33,47.07,1,2016,9,28,2,39,0,587908.3278165,666928.400013,624262.071976,731430.1240452,704314.2036753715,718908.6093575213,760470.4869341535,3,272,4,286.6545454545454
2016-09-29,520744.9210333,8746,54,33,47.72,0,2016,9,29,3,39,0,631761.1750463,533276.332017,568324.812986,718105.570925,699290.3143944143,719444.2595768286,756910.8816127643,3,273,5,159.01818181818183
2016-09-30,703198.490806,14020,54,33,47.72,0,2016,9,30,4,39,0,520744.9210333,663685.9846653,691912.601466,837129.587642,697500.1128253143,716045.6958659214,749862.286973775,3,274,5,254.9090909090909
2016-10-03,833060.55889,8527,54,33,48.8,0,2016,10,3,0,40,0,1256480.1709663,664217.4402937,681159.341976,813763.2950235,791334.8834560142,753539.8218398,754505.7035419643,4,277,1,155.03636363636363
2016-10-04,724113.096039,11381,54,33,48.67,0,2016,10,4,1,40,0,833060.55889,587908.3278165,650980.3219717001,751583.025072,815455.3289697714,764389.9087622286,755194.8915371964,4,278,1,206.92727272727274
2016-10-05,749712.3000211,16510,54,33,49.75,0,2016,10,5,2,40,0,724113.096039,631761.1750463,666928.400013,738543.916999,834913.1530015571,769613.6783384643,754213.8226431607,4,279,1,300.1818181818182
2016-10-06,581429.340158,8844,54,33,50.44,0,2016,10,6,3,40,0,749712.3000211,520744.9210333,533276.332017,595849.2986095,851763.3137122429,775526.8140533286,754612.6934653785,4,280,1,160.8
2016-10-07,797612.239327,14565,54,33,49.76,1,2016,10,7,4,40,0,581429.340158,703198.490806,663685.9846653,658969.026968,860432.5164443428,778966.3146348286,754097.6949492536,4,281,1,264.8181818181818
2016-10-10,725312.8469015,9518,54,33,49.76,0,2016,10,10,0,41,0,1088251.479908,833060.55889,664217.4402937,678776.4591265,815247.2458820144,803291.0646690142,762174.07408435,4,284,2,173.05454545454546
2016-10-11,625271.993952,11499,54,33,50.72,0,2016,10,11,1,41,0,725312.8469015,724113.096039,587908.3278165,603427.946974,799854.7155979428,807655.0222838571,763836.0879334571,4,285,2,209.07272727272726
2016-10-12,665126.077693,15499,54,33,50.14,0,2016,10,12,2,41,0,625271.993952,749712.3000211,631761.1750463,624262.071976,785734.5581569428,810323.8555792499,764616.2324683858,4,286,2,281.8
2016-10-13,558859.8909975,9141,54,33,50.47,0,2016,10,13,3,41,0,665126.077693,581429.340158,520744.9210333,568324.812986,773650.8121100714,812707.0629111571,766075.6612439929,4,287,2,166.2
2016-10-14,667954.207226,14622,54,33,50.35,0,2016,10,14,4,41,0,558859.8909975,797612.239327,703198.490806,691912.601466,770426.6050871428,815429.5607657429,765737.6283158322,4,288,2,265.8545454545455
2016-10-17,710456.4240015,8913,54,33,49.97,0,2016,10,17,0,42,0,1104504.6882152,725312.8469015,833060.55889,681159.341976,748234.7565856,781741.0012338072,767640.4115368036,4,291,3,162.05454545454546
2016-10-18,630638.592023,10764,54,33,50.3,0,2016,10,18,1,42,0,710456.4240015,625271.993952,724113.096039,650980.3219717001,746112.4104570287,772983.5630274859,768686.7358948571,4,292,3,195.70909090909092
2016-10-19,647823.468973,15074,54,33,51.59,0,2016,10,19,2,42,0,630638.592023,665126.077693,749712.3000211,666928.400013,746879.0673243143,766306.8127406286,767960.2455395464,4,293,3,274.07272727272726
2016-10-20,583001.280078,8438,54,33,50.31,0,2016,10,20,3,42,0,647823.468973,558859.8909975,581429.340158,533276.332017,744407.2660786001,759029.0390943357,767277.9265738322,4,294,3,153.4181818181818
2016-10-21,669453.5420583,13952,54,33,50.61,0,2016,10,21,4,42,0,583001.280078,667954.207226,797612.239327,663685.9846653,747856.0359472429,759141.3205171928,769053.8175760107,4,295,3,253.6727272727273
2016-10-24,668507.6451983,8278,54,33,50.18,0,2016,10,24,0,43,0,1022953.689959,710456.4240015,725312.8469015,664217.4402937,729707.6304295429,738971.1935075715,771131.129088293,4,298,4,150.5090909090909
2016-10-25,610590.8979547,10318,54,33,49.45,0,2016,10,25,1,43,0,668507.6451983,630638.592023,625271.993952,587908.3278165,723714.9477433714,734913.6791002,771284.3506920285,4,299,4,187.6
2016-10-26,633413.8905697,20046,54,33,48.75,0,2016,10,26,2,43,0,610590.8979547,647823.468973,665126.077693,631761.1750463,720850.9914479001,733865.0293861071,772094.4424826786,4,300,4,364.4727272727273
2016-10-27,544361.4798829,12296,54,33,49.71,0,2016,10,27,3,43,0,633413.8905697,583001.280078,558859.8909975,520744.9210333,718792.4802474286,731599.8731630144,772153.4680370857,4,301,4,223.56363636363636
2016-10-28,638838.252231,18399,54,33,48.72,0,2016,10,28,4,43,0,544361.4798829,669453.5420583,667954.207226,703198.490806,713272.5087909858,730564.2723691143,772996.9165674286,4,302,4,334.5272727272727
2016-10-31,654923.5029715,13089,54,33,46.83,0,2016,10,31,0,44,0,954838.191008,668507.6451983,710456.4240015,833060.55889,698803.5791205857,714255.6047750643,747998.3030044356,4,305,5,237.98181818181817
2016-11-01,811832.445984,15036,54,33,46.66,0,2016,11,1,1,44,0,654923.5029715,610590.8979547,630638.592023,724113.096039,696862.9873738999,710288.9675586356,741636.2652930607,4,306,1,273.3818181818182
2016-11-02,969033.618953,21832,54,33,45.32,1,2016,11,2,2,44,0,811832.445984,633413.8905697,647823.468973,749712.3000211,725611.7799495143,723231.3856987071,744769.0992196678,4,307,1,396.94545454545454
2016-11-03,793811.6841115,13041,54,33,44.66,1,2016,11,3,3,44,0,969033.618953,544361.4798829,583001.280078,581429.340158,773557.4554328428,746174.9678401358,752602.0034672357,4,308,1,237.1090909090909
2016-11-04,858468.216477,17726,54,33,44.07,1,2016,11,4,4,44,0,793811.6841115,638838.252231,669453.5420583,797612.239327,809193.1988940715,761232.8538425285,760187.0871798608,4,309,1,322.2909090909091
2016-11-07,849451.0429045,12332,54,33,44.88,1,2016,11,7,0,45,0,1140367.104134,654923.5029715,668507.6451983,725312.8469015,873741.1244714287,786272.3517960071,762621.7726517894,4,312,1,224.21818181818182
2016-11-08,767439.628434,13995,54,33,44.96,0,2016,11,8,1,45,0,849451.0429045,811832.445984,610590.8979547,625271.993952,901530.7730332857,799196.8802035928,767055.2796518964,4,313,2,254.45454545454547
2016-11-09,790276.839009,21413,54,33,45.2,0,2016,11,9,2,45,0,767439.628434,969033.618953,633413.8905697,665126.077693,895188.9419547142,810400.3609521143,772132.6951691107,4,314,2,389.3272727272727
2016-11-10,588241.7590247,11964,54,33,44.62,1,2016,11,10,3,45,0,790276.839009,793811.6841115,544361.4798829,558859.8909975,869652.2591055714,821604.8572692071,776602.3652161107,4,315,2,217.52727272727273
2016-11-11,713396.4541223,17688,54,33,43.39,1,2016,11,11,4,45,0,588241.7590247,858468.216477,638838.252231,667954.207226,840285.1269503143,824739.162922193,777651.7176456535,4,316,2,321.6
2016-11-14,735723.172977,10519,54,33,43.29,0,2016,11,14,0,46,0,1188982.232398,849451.0429045,654923.5029715,710456.4240015,832512.9611193571,853127.0427953929,783691.3237852285,4,319,2,191.25454545454545
2016-11-15,691801.6290437999,13178,54,33,45.86,0,2016,11,15,1,46,0,735723.172977,767439.628434,811832.445984,630638.592023,816266.1225582857,858898.4477957857,784593.7076772107,4,320,3,239.6
2016-11-16,830431.7415873,20041,54,33,45.56,0,2016,11,16,2,46,0,691801.6290437999,790276.839009,969033.618953,647823.468973,805460.6940739715,850324.8180143429,786778.1018565249,4,321,3,364.3818181818182
2016-11-17,615228.2560159,9983,54,33,45.37,0,2016,11,17,3,46,0,830431.7415873,588241.7590247,793811.6841115,583001.280078,811197.1087280143,840424.6839167929,793299.8258784643,4,322,3,181.5090909090909
2016-11-18,738265.552222,15252,54,33,45.69,0,2016,11,18,4,46,0,615228.2560159,713396.4541223,858468.216477,669453.5420583,815052.3225839,827668.7247671073,794450.7893048178,4,323,3,277.3090909090909
2016-11-21,773762.280859,11295,54,33,47.48,0,2016,11,21,0,47,0,1125178.987911,735723.172977,849451.0429045,668507.6451983,810326.4772529572,821419.7191861571,803846.0354910822,4,326,3,205.36363636363637
2016-11-22,690281.251004,13276,54,33,48.07,0,2016,11,22,1,47,0,773762.280859,691801.6290437999,767439.628434,610590.8979547,815760.6355218142,816013.37904005,807605.1296218215,4,327,4,241.38181818181818
2016-11-23,753685.041456,20488,54,33,46.72,0,2016,11,23,2,47,0,690281.251004,830431.7415873,790276.839009,633413.8905697,815543.4386589857,810502.0663664786,810451.2136592964,4,328,4,372.5090909090909
2016-11-24,595457.3062203,11234,54,33,46.72,0,2016,11,24,3,47,0,753685.041456,615228.2560159,588241.7590247,544361.4798829,804579.6243545143,807888.3665412642,814746.6119052358,4,329,4,204.25454545454545
2016-11-25,737819.484836,17137,54,33,46.72,1,2016,11,25,4,47,0,595457.3062203,738265.552222,713396.4541223,638838.252231,801755.2029551428,808403.7627695213,816571.4628458573,4,330,4,311.58181818181816
2016-11-28,752583.7680527,11861,54,33,45.66,1,2016,11,28,0,48,0,1056721.5920875,773762.280859,735723.172977,654923.5029715,787970.5399781143,799148.5086155357,826137.7757054643,4,333,4,215.65454545454546
2016-11-29,645760.5082353,13347,54,33,45.29,0,2016,11,29,1,48,0,752583.7680527,690281.251004,691801.6290437999,811832.445984,784945.0381486429,800352.8368352286,829625.6423155072,4,334,5,242.6727272727273
2016-11-30,767361.704324,19424,54,33,49.41,0,2016,11,30,2,48,0,645760.5082353,753685.041456,830431.7415873,969033.618953,778584.9320388285,797064.1853489071,823694.501681625,4,335,5,353.1636363636364
2016-12-01,843603.315088,12985,54,33,51.08,0,2016,12,1,3,48,0,767361.704324,595457.3062203,615228.2560159,793811.6841115,780538.7410199714,792559.1826872429,816491.9333020179,4,336,1,236.0909090909091
2016-12-02,853454.930795,18819,54,33,51.7,0,2016,12,2,4,48,0,843603.315088,737819.484836,738265.552222,858468.216477,815988.1708582144,808871.6869066785,818270.2058368928,4,337,1,342.1636363636364
2016-12-05,896824.938971,13159,54,33,51.72,1,2016,12,5,0,49,0,1276195.0362097,752583.7680527,773762.280859,849451.0429045,893199.9756805286,840585.2578293214,831002.4885077393,4,340,1,239.25454545454545
2016-12-06,932546.385931,15573,54,33,50.95,1,2016,12,6,1,49,0,896824.938971,645760.5082353,690281.251004,767439.628434,913805.8572402857,849375.4476944644,832694.4133672572,4,341,1,283.1454545454545
2016-12-07,867653.7351403,26861,54,33,49.85,0,2016,12,7,2,49,0,932546.385931,767361.704324,753685.041456,790276.839009,954775.2683396714,866680.10018925,838591.0832778644,4,342,1,488.3818181818182
2016-12-08,674077.382905,13681,54,33,50.84,1,2016,12,8,3,49,0,867653.7351403,843603.315088,595457.3062203,588241.7590247,969102.7013134286,874820.7211667001,841354.5438539821,4,343,2,248.74545454545455
2016-12-09,774941.923982,19275,54,33,51.51,0,2016,12,9,4,49,0,674077.382905,853454.930795,737819.484836,713396.4541223,944884.7110015714,880436.4409298928,844420.1018497072,4,344,2,350.45454545454544
2016-12-12,844251.703802,13791,54,33,52.74,0,2016,12,12,0,50,0,1119324.243986,896824.938971,752583.7680527,735723.172977,883631.3366903287,888415.6561854285,843782.0824004821,4,347,2,250.74545454545455
2016-12-13,747161.615593,16204,54,33,52.99,0,2016,12,13,1,50,0,844251.703802,932546.385931,645760.5082353,691801.6290437999,876120.8745233285,894963.3658818072,847658.1013585179,4,348,2,294.6181818181818
2016-12-14,829763.2190675,21728,54,33,51.01,0,2016,12,14,2,50,0,747161.615593,867653.7351403,767361.704324,830431.7415873,849637.3359036144,902206.3021216429,849635.2437352751,4,349,2,395.05454545454546
2016-12-15,747641.1828753001,14623,54,33,50.9,0,2016,12,15,3,50,0,829763.2190675,674077.382905,843603.315088,615228.2560159,844224.4050360714,906663.55317475,849611.3679309963,4,350,3,265.8727272727273
2016-12-16,918899.786306,20131,54,33,51.93,0,2016,12,16,4,50,0,747641.1828753001,774941.923982,853454.930795,738265.552222,854733.5193175429,899809.1151595572,854340.401033118,4,351,3,366.0181818181818
2016-12-19,1028242.8227987,15014,54,33,52.13,0,2016,12,19,0,51,0,1260471.90859,844251.703802,896824.938971,773762.280859,917120.7206404429,900376.0286653858,870480.6432473535,4,354,3,272.9818181818182
2016-12-20,1080402.388032,17863,54,33,52.22,0,2016,12,20,1,51,0,1028242.8227987,747161.615593,932546.385931,690281.251004,943405.1662114001,909763.0203673643,879569.2340309144,4,355,3,324.7818181818182
2016-12-21,1181307.3270735,23427,54,33,51.44,1,2016,12,21,2,51,0,1080402.388032,829763.2190675,867653.7351403,753685.041456,991010.9908455428,920324.1633745786,893502.1317819144,4,356,3,425.94545454545454
2016-12-22,1135849.391084,15486,54,33,51.98,1,2016,12,22,3,51,0,1181307.3270735,747641.1828753001,674077.382905,595457.3062203,1041231.5777035428,942727.991369807,908774.3562682535,4,357,4,281.56363636363636
2016-12-23,1282145.5171351,21531,54,33,52.01,1,2016,12,23,4,51,0,1135849.391084,918899.786306,774941.923982,737819.484836,1096689.8931619285,975711.7062397357,928074.0735848142,4,358,4,391.4727272727273
2016-12-26,1032770.748898,14818,54,33,52.415,1,2016,12,26,0,52,0,1246837.8430543,1260471.90859,1119324.243986,1056721.5920875,1173608.171109657,1035282.4698319072,959613.2540122928,4,361,4,269.41818181818184
2016-12-27,842475.490118,16147,54,33,52.82,0,2016,12,27,1,52,0,1032770.748898,1028242.8227987,844251.703802,752583.7680527,1141079.4340108,1029100.0773256214,958757.8667555249,4,362,4,293.58181818181816
2016-12-28,951533.7138481,23634,54,33,54.01,0,2016,12,28,2,52,0,842475.490118,1080402.388032,747161.615593,645760.5082353,1114541.2436278427,1028973.2049196213,961968.2854007141,4,363,4,429.7090909090909
2016-12-29,894108.236835,15877,54,33,53.8,0,2016,12,29,3,52,0,951533.7138481,1181307.3270735,829763.2190675,767361.704324,1096131.433030143,1043571.2119378429,972888.7570297428,4,364,5,288.6727272727273
2016-12-30,1163643.0379923,21974,54,33,53.75,0,2016,12,30,4,52,0,894108.236835,1135849.391084,747641.1828753001,843603.315088,1055102.9915675002,1048167.2846355214,977415.4189051358,4,365,5,399.5272727272727
2017-01-02,1402306.370834,11812,54,33,53.055,1,2017,1,2,0,1,0,12082.500997,1032770.748898,1260471.90859,1276195.0362097,857946.6486767716,1015777.4098932144,958638.2595514321,1,2,1,214.76363636363635
2017-01-03,1104377.0798245,13906,54,33,52.36,0,2017,1,3,1,1,0,1402306.370834,842475.490118,1028242.8227987,896824.938971,910737.4518104857,1025908.4429106427,963142.2357880144,1,3,1,252.83636363636364
2017-01-04,990093.463742,22918,54,33,53.26,0,2017,1,4,2,1,0,1104377.0798245,951533.7138481,1080402.388032,932546.385931,948151.9646257,1031346.6041267716,970554.8122470678,1,4,1,416.6909090909091
2017-01-05,777620.9540695,8550,54,33,53.77,0,2017,1,5,3,1,0,990093.463742,894108.236835,1181307.3270735,867653.7351403,953660.5003248286,1024895.9666774857,972610.065026032,1,5,1,155.45454545454547
2017-01-06,839600.237989,15539,54,33,53.98,0,2017,1,6,4,1,0,777620.9540695,1163643.0379923,1135849.391084,674077.382905,937019.459929757,996061.2257486286,969394.6085592179,1,6,1,282.5272727272727
2017-01-09,793724.8969065,9647,54,33,51.95,0,2017,1,9,0,2,0,1192543.750978,1402306.370834,1032770.748898,1119324.243986,1058621.165198,958283.9069373857,996783.1883846464,1,9,2,175.4
2017-01-10,742635.5692609,11820,54,33,50.82,0,2017,1,10,1,2,0,793724.8969065,1104377.0798245,842475.490118,844251.703802,971680.9546369286,941209.2032237072,985154.6402746643,1,10,2,214.9090909090909
2017-01-11,770742.690065,17301,54,33,52.19,0,2017,1,11,2,2,0,742635.5692609,990093.463742,951533.7138481,747161.615593,920003.5959849858,934077.7803053427,981525.4926124822,1,11,2,314.56363636363636
2017-01-12,629635.794004,9601,54,33,53.01,0,2017,1,12,3,2,0,770742.690065,777620.9540695,894108.236835,829763.2190675,888667.7711739858,921164.1357494071,982367.673843625,1,12,2,174.56363636363636
2017-01-13,768898.9443882,15674,54,33,52.36,0,2017,1,13,4,2,0,629635.794004,839600.237989,1163643.0379923,747641.1828753001,867527.0340217715,902273.2469757644,975220.2658056428,1,13,2,284.9818181818182
2017-01-16,824488.666175,9912,54,33,52.405,0,2017,1,16,0,3,0,1175725.165838,793724.8969065,1402306.370834,1260471.90859,843201.9423840857,950911.5537910428,983344.4818421286,1,16,3,180.21818181818182
2017-01-17,750836.542952,12064,54,33,52.45,0,2017,1,17,1,3,0,824488.666175,742635.5692609,1104377.0798245,1028242.8227987,847596.7665653,909638.8606011143,967773.6517558786,1,17,3,219.34545454545454
2017-01-18,782656.0246723,18723,54,33,51.12,0,2017,1,18,2,3,0,750836.542952,770742.690065,990093.463742,1080402.388032,848768.3342354571,884385.9651102213,957866.2846184963,1,18,3,340.41818181818184
2017-01-19,606949.7448793,9633,54,33,51.39,0,2017,1,19,3,3,0,782656.0246723,629635.794004,777620.9540695,1181307.3270735,850470.2391793571,869569.0051766714,947232.4859270786,1,19,3,175.14545454545456
2017-01-20,725703.6910875,14854,54,33,52.33,0,2017,1,20,4,3,0,606949.7448793,768898.9443882,839600.237989,1135849.391084,847229.3750186857,857378.2045202286,926719.7151344286,1,20,3,270.07272727272726
2017-01-23,798133.612125,9356,54,33,52.77,0,2017,1,23,0,4,0,1148214.358454,824488.666175,793724.8969065,1032770.748898,844510.1075893,843856.0249866928,901069.9659620393,1,23,4,170.1090909090909
2017-01-24,721275.774781,11940,54,33,52.38,0,2017,1,24,1,4,0,798133.612125,750836.542952,742635.5692609,842475.490118,840745.0998678714,844170.9332165857,892690.0682201466,1,24,4,217.0909090909091
2017-01-25,744342.5929227,18532,54,33,52.14,0,2017,1,25,2,4,0,721275.774781,782656.0246723,770742.690065,951533.7138481,836522.1329862999,842645.2336108786,888361.5069581108,1,25,4,336.94545454545454
2017-01-26,576515.5369877,7562,54,33,53.24,0,2017,1,26,3,4,0,744342.5929227,606949.7448793,629635.794004,894108.236835,831048.7855935,840759.5123864285,880961.8240679179,1,26,4,137.4909090909091
2017-01-27,722113.958837,13112,54,33,53.18,0,2017,1,27,4,4,0,576515.5369877,725703.6910875,768898.9443882,1163643.0379923,826701.0416089857,836965.2083138357,869619.2276448,1,27,4,238.4
2017-01-30,698123.768037,7330,54,33,52.63,0,2017,1,30,0,5,0,1075166.993043,798133.612125,824488.666175,1402306.370834,802199.8392209142,823354.9734051072,887133.263598075,1,30,5,133.27272727272728
2017-01-31,778222.285925,10584,54,33,52.75,0,2017,1,31,1,5,0,698123.768037,721275.774781,750836.542952,1104377.0798245,787912.7186369143,814328.9092523928,861983.8849267535,1,31,5,192.43636363636364
2017-02-01,961777.382874,16375,54,33,53.9,0,2017,2,1,2,5,0,778222.285925,744342.5929227,782656.0246723,990093.463742,796047.9345146286,816285.0337504643,850335.4994303428,1,32,1,297.72727272727275
2017-02-02,748882.732615,8017,54,33,53.55,0,2017,2,2,3,5,0,961777.382874,576515.5369877,606949.7448793,777620.9540695,827110.0473648143,829079.4164791572,849324.2108279143,1,33,1,145.76363636363635
2017-02-03,834667.1519293,13655,54,33,53.81,0,2017,2,3,4,5,0,748882.732615,722113.958837,725703.6910875,839600.237989,851733.9324544285,839217.4870317072,848297.8457759678,1,34,1,248.27272727272728
2017-02-06,786672.394181,7734,54,33,53.01,0,2017,2,6,0,6,0,1151987.631095,698123.768037,798133.612125,793724.8969065,900921.3562697573,851560.5977453358,847708.3113660143,1,37,1,140.61818181818182
2017-02-07,739431.213302,9964,54,33,52.19,0,2017,2,7,1,6,0,786672.394181,778222.285925,721275.774781,742635.5692609,913571.1600046143,850741.9393207644,847456.436268675,1,38,1,181.16363636363636
2017-02-08,783605.377185,19103,54,33,52.37,0,2017,2,8,2,6,0,739431.213302,961777.382874,744342.5929227,770742.690065,908029.5782013285,852038.7563579787,847341.9949844285,1,39,2,347.3272727272727
2017-02-09,624387.487899,7213,54,33,52.99,0,2017,2,9,3,6,0,783605.377185,748882.732615,576515.5369877,629635.794004,882576.4345314715,854843.2409481428,847801.3766672856,1,40,2,131.14545454545456
2017-02-10,752207.2398545,12607,54,33,53.84,0,2017,2,10,4,6,0,624387.487899,834667.1519293,722113.958837,768898.9443882,864791.3995720429,858262.6660132358,847613.9371635357,1,41,2,229.21818181818182
2017-02-13,794314.4320675,7527,54,33,52.96,0,2017,2,13,0,7,0,1074820.900014,786672.394181,698123.768037,824488.666175,815149.8950636428,858035.6256667001,840695.2995359037,1,44,2,136.85454545454544
2017-02-14,642613.187069,9653,54,33,53.21,0,2017,2,14,1,7,0,794314.4320675,739431.213302,778222.285925,750836.542952,816241.6147617141,864906.3873831643,839617.6483177786,1,45,2,175.5090909090909
2017-02-15,745780.355084,17201,54,33,53.11,0,2017,2,15,2,7,0,642613.187069,783605.377185,961777.382874,782656.0246723,802410.468157,855220.0231791643,835752.5284648143,1,46,3,312.74545454545455
2017-02-16,645968.2570671,8104,54,33,53.41,0,2017,2,16,3,7,0,745780.355084,624387.487899,748882.732615,606949.7448793,797006.8935711429,839791.6640513072,834435.5402652322,1,47,3,147.34545454545454
2017-02-17,758855.71279,13615,54,33,53.41,0,2017,2,17,4,7,0,645968.2570671,752207.2398545,834667.1519293,725703.6910875,800089.8605951571,832440.6300836,835829.0585576536,1,48,3,247.54545454545453
2017-02-20,759120.0599607,8008,54,33,53.715,0,2017,2,20,0,8,0,858897.1230135,794314.4320675,786672.394181,798133.612125,787117.7015848715,801133.7983242571,826347.1980347965,1,51,3,145.6
2017-02-21,717807.6770255,10436,54,33,54.02,0,2017,2,21,1,8,0,759120.0599607,642613.187069,739431.213302,721275.774781,782089.9341410429,799165.7744513786,824953.8568860714,1,52,3,189.74545454545455
2017-02-22,739388.0344027,16096,54,33,53.61,0,2017,2,22,2,8,0,717807.6770255,745780.355084,783605.377185,744342.5929227,792832.0041348285,797621.2361459143,824829.9962519464,1,53,4,292.6545454545454
2017-02-23,675578.500156,8374,54,33,54.48,0,2017,2,23,3,8,0,739388.0344027,645968.2570671,624387.487899,576515.5369877,791918.8154660714,794462.8545186071,824653.047733375,1,54,4,152.25454545454545
2017-02-24,816197.498952,14147,54,33,53.99,0,2017,2,24,4,8,0,675578.500156,758855.71279,752207.2398545,722113.958837,796148.8501930572,798119.3553941072,828191.0107036715,1,55,4,257.2181818181818
2017-02-27,744956.948138,8398,54,33,54.04,1,2017,2,27,0,9,0,775708.987978,759120.0599607,794314.4320675,698123.768037,787115.9973260572,787116.8494554644,822576.2375610822,1,58,4,152.6909090909091
2017-02-28,949366.8290505,11215,54,33,54.0,1,2017,2,28,1,9,0,744956.948138,717807.6770255,642613.187069,778222.285925,785092.6956371,783591.3148890715,824248.8511361179,1,59,4,203.9090909090909
2017-03-01,1008521.709962,18621,54,33,53.82,0,2017,3,1,2,9,0,949366.8290505,739388.0344027,745780.355084,961777.382874,818172.5744978142,805502.2893163215,830361.1562477428,1,60,1,338.56363636363636
2017-03-02,836225.179072,9186,54,33,52.63,1,2017,3,2,3,9,0,1008521.709962,675578.500156,645968.2570671,748882.732615,856620.2424348572,824269.5289504642,832030.5965008857,1,61,1,167.01818181818183
2017-03-03,882639.776274,15308,54,33,53.33,0,2017,3,3,4,9,0,836225.179072,816197.498952,758855.71279,834667.1519293,879569.7679942857,837859.3090936715,835149.9695886357,1,62,1,278.3272727272727
2017-03-06,790143.2410905,8100,54,33,53.19,0,2017,3,6,0,10,0,1196983.690104,744956.948138,759120.0599607,786672.394181,963490.0685228143,875303.0329244358,838218.4156243465,1,65,1,147.27272727272728
2017-03-07,761866.729975,10556,54,33,52.68,0,2017,3,7,1,10,0,790143.2410905,949366.8290505,717807.6770255,739431.213302,969945.2532303145,877518.9744337071,838342.3744425429,1,66,1,191.92727272727274
2017-03-08,781046.6619577,16073,54,33,49.83,0,2017,3,8,2,10,0,761866.729975,1008521.709962,739388.0344027,783605.377185,943159.5247909573,880666.0496443857,839143.64289515,1,67,2,292.23636363636365
2017-03-09,653901.1919827,7340,54,33,48.75,0,2017,3,9,3,10,0,781046.6619577,836225.179072,675578.500156,624387.487899,910663.0893617716,883641.6658983143,839052.2602084607,1,68,2,133.45454545454547
2017-03-10,773855.30685,13248,54,33,48.05,0,2017,3,10,4,10,0,653901.1919827,882639.776274,816197.498952,752207.2398545,884616.8054918714,882093.2867430786,840106.321068593,1,69,2,240.87272727272727
2017-03-13,754390.380036,7142,54,33,47.95,0,2017,3,13,0,11,0,1146006.826973,790143.2410905,744956.948138,794314.4320675,843999.1989764859,903744.63374965,845430.7416025571,1,72,2,129.85454545454544
2017-03-14,700998.0346447,9650,54,33,47.24,0,2017,3,14,1,11,0,754390.380036,761866.729975,949366.8290505,642613.187069,838891.6473972714,904418.4503137928,844004.8826014323,1,73,2,175.45454545454547
2017-03-15,815621.887369,15436,54,33,48.34,0,2017,3,15,2,11,0,700998.0346447,781046.6619577,1008521.709962,745780.355084,830196.119492943,886677.82214195,846090.0557291358,1,74,3,280.6545454545454
2017-03-16,699108.166824,7569,54,33,48.3,0,2017,3,16,3,11,0,815621.887369,653901.1919827,836225.179072,645968.2570671,835135.4374088428,872899.2633853072,848584.3961678857,1,75,3,137.61818181818182
2017-03-17,812306.77427,14263,54,33,48.34,0,2017,3,17,4,11,0,699108.166824,773855.30685,882639.776274,758855.71279,841593.5766718857,863105.1910818786,850482.250087775,1,76,3,259.3272727272727
2017-03-20,826428.90991,8349,54,33,47.79,0,2017,3,20,0,12,0,1157140.638587,754390.380036,790143.2410905,759120.0599607,854067.492554957,849033.3457657214,862168.1893450785,1,79,3,151.8
2017-03-21,746620.926177,11112,54,33,47.02,0,2017,3,21,1,12,0,826428.90991,700998.0346447,761866.729975,717807.6770255,864358.7111083858,851625.1792528286,864572.0768432679,1,80,3,202.03636363636363
2017-03-22,767880.804934,16052,54,33,47.29,0,2017,3,22,2,12,0,746620.926177,815621.887369,781046.6619577,739388.0344027,870876.2670415714,850536.1932672572,865601.1214558213,1,81,4,291.8545454545455
2017-03-23,670848.010029,6839,54,33,47.0,0,2017,3,23,3,12,0,767880.804934,699108.166824,653901.1919827,675578.500156,864056.112408,849595.7749084216,866618.7204033679,1,82,4,124.34545454545454
2017-03-24,787914.125515,13150,54,33,47.3,0,2017,3,24,4,12,0,670848.010029,812306.77427,773855.30685,816197.498952,860018.9471515715,850806.2619117285,866449.7743274036,1,83,4,239.0909090909091
2017-03-27,784103.265042,7884,54,33,47.02,0,2017,3,27,0,13,0,1101557.476706,826428.90991,754390.380036,744956.948138,848484.2243082859,851275.8584316215,877510.2460906357,1,86,4,143.34545454545454
2017-03-28,702943.9485770001,10654,54,33,48.36,0,2017,3,28,1,13,0,784103.265042,746620.926177,700998.0346447,949366.8290505,842437.7036128571,853398.2073606215,878908.3288372072,1,87,4,193.70909090909092
2017-03-29,824632.985033,17151,54,33,49.47,0,2017,3,29,2,13,0,702943.9485770001,767880.804934,815621.887369,1008521.709962,836198.1353842857,853537.2012129286,870107.5116774393,1,88,5,311.8363636363636
2017-03-30,637624.340998,9116,54,33,50.3,0,2017,3,30,3,13,0,824632.985033,670848.010029,699108.166824,836225.179072,844305.5896841428,854180.8510460715,863540.0572156893,1,89,5,165.74545454545455
2017-03-31,878750.03788,14027,54,33,50.54,0,2017,3,31,4,13,0,637624.340998,787914.125515,812306.77427,882639.776274,839559.3512511429,849789.1492013572,856447.1701416179,1,90,5,255.03636363636363
2017-04-03,835191.622029,6545,54,33,50.25,0,2017,4,3,0,14,0,1138650.058898,784103.265042,826428.90991,790143.2410905,918541.2284124286,883512.7263603571,866273.0360630393,2,93,1,119.0
2017-04-04,835602.6360017,9316,54,33,50.99,0,2017,4,4,1,14,0,835191.622029,702943.9485770001,746620.926177,761866.729975,925839.5651248571,884138.6343688573,867881.9068108428,2,94,1,169.38181818181818
2017-04-05,846631.307907,15094,54,33,51.14,0,2017,4,5,2,14,0,835602.6360017,824632.985033,767880.804934,781046.6619577,944790.8061855286,890494.4707849071,870515.3320260822,2,95,1,274.43636363636364
2017-04-06,683059.570103,6973,54,33,51.69,0,2017,4,6,3,14,0,846631.307907,637624.340998,670848.010029,653901.1919827,947933.4237389573,896119.5067115499,872857.6408099858,2,96,1,126.78181818181818
2017-04-07,765502.211925,12478,54,33,52.25,0,2017,4,7,4,14,0,683059.570103,878750.03788,787914.125515,773855.30685,954424.1707539571,896991.76100255,873899.0114571393,2,97,1,226.87272727272727
2017-04-10,739392.130988,6662,54,33,53.06,0,2017,4,10,0,15,0,1101713.657101,835191.622029,784103.265042,754390.380036,865184.6392892429,891862.9338508358,871569.3961412285,2,100,2,121.12727272727273
2017-04-11,741331.430196,9681,54,33,53.38,0,2017,4,11,1,15,0,739392.130988,835602.6360017,702943.9485770001,700998.0346447,851498.9977119571,888669.2814184072,871033.7443895143,2,101,2,176.01818181818183
2017-04-12,791762.312883,18094,54,33,53.12,1,2017,4,12,2,15,0,741331.430196,846631.307907,824632.985033,815621.887369,838031.6825968571,891411.2443911928,872474.2228020608,2,102,2,328.9818181818182
2017-04-13,737029.565183,10215,54,33,53.19,1,2017,4,13,3,15,0,791762.312883,683059.570103,637624.340998,699108.166824,830193.2547362857,889063.3392376213,871622.0951418465,2,103,2,185.72727272727272
2017-04-14,740889.486829,15812,54,33,52.905,1,2017,4,14,4,15,0,737029.565183,765502.211925,878750.03788,812306.77427,837903.2540334285,896163.7123936928,872976.430797525,2,104,2,287.4909090909091
2017-04-17,775916.9059055,10152,54,33,52.62,0,2017,4,17,0,16,0,985493.795113,739392.130988,835191.622029,826428.90991,804929.8484457143,835057.2438674786,859284.9851139178,2,107,3,184.5818181818182
2017-04-18,717196.315762,11980,54,33,52.46,0,2017,4,18,1,16,0,775916.9059055,741331.430196,835602.6360017,746620.926177,810147.6734339286,830823.3355729429,857480.9849709,2,108,3,217.8181818181818
2017-04-19,735733.2142477001,19618,54,33,50.49,0,2017,4,19,2,16,0,717196.315762,791762.312883,846631.307907,767880.804934,806699.7999433571,822365.7412701072,856430.1060275072,2,109,3,356.6909090909091
2017-04-20,675804.0219027,11231,54,33,50.26,0,2017,4,20,3,16,0,735733.2142477001,737029.565183,683059.570103,670848.010029,798695.6429954572,814444.4488658715,855281.9777887107,2,110,3,204.2
2017-04-21,795795.893872,18291,54,33,49.64,1,2017,4,21,4,16,0,675804.0219027,740889.486829,765502.211925,787914.125515,789949.1368125572,813926.1954229928,855458.9782127714,2,111,3,332.56363636363636
2017-04-24,755072.530945,12476,54,33,48.9,0,2017,4,24,0,17,0,1140070.2748035,775916.9059055,739392.130988,784103.265042,830781.3491946285,817855.5988201714,854859.2663355035,2,114,4,226.83636363636364
2017-04-25,718996.080637,14844,54,33,49.22,0,2017,4,25,1,17,0,755072.530945,717196.315762,741331.430196,702943.9485770001,827803.5813431285,818975.6273885285,853822.4544034678,2,115,4,269.8909090909091
2017-04-26,781159.2829995,21140,54,33,49.22,0,2017,4,26,2,17,0,718996.080637,735733.2142477001,791762.312883,824632.985033,828060.6906109856,817380.2452771714,854395.7448341821,2,116,4,384.3636363636364
2017-04-27,624910.0260955,12602,54,33,48.96,0,2017,4,27,3,17,0,781159.2829995,675804.0219027,737029.565183,637624.340998,834550.1290041,816622.8859997786,852843.1126187,2,117,4,229.12727272727273
2017-04-28,797636.6251025,18991,54,33,49.31,0,2017,4,28,4,17,0,624910.0260955,795795.893872,740889.486829,878750.03788,827279.5581745,808614.3474935286,852389.0299436107,2,118,4,345.2909090909091
2017-05-01,1306699.366897,12733,54,33,48.83,1,2017,5,1,0,18,0,1041249.2479705,755072.530945,775916.9059055,835191.622029,826757.6585272857,828769.5038609571,831913.3738642178,2,121,1,231.5090909090909
2017-05-02,907324.094113,14155,54,33,47.65,0,2017,5,2,1,18,0,1306699.366897,718996.080637,717196.315762,835602.6360017,905561.4922347143,866682.5367889215,848752.9361809322,2,122,1,257.3636363636364
2017-05-03,924247.257204,21181,54,33,47.79,0,2017,5,3,2,18,0,907324.094113,781159.2829995,735733.2142477001,846631.307907,932465.494159857,880263.0923854214,851314.4168277642,2,123,1,385.1090909090909
2017-05-04,716654.608983,10040,54,33,45.55,0,2017,5,4,3,18,0,924247.257204,624910.0260955,675804.0219027,683059.570103,952906.6333319285,893728.3811680143,854086.4150169428,2,124,1,182.54545454545453
2017-05-05,780798.407016,15908,54,33,46.23,0,2017,5,5,4,18,0,716654.608983,797636.6251025,795795.893872,765502.211925,966013.0023158572,896646.2802451786,855286.2378340857,2,125,1,289.23636363636365
2017-05-08,776307.495015,9552,54,33,46.46,0,2017,5,8,0,19,0,1227380.607924,1306699.366897,755072.530945,739392.130988,986074.6005721429,906416.1295497142,862135.8641849429,2,128,2,173.6727272727273
2017-05-09,715811.198881,12040,54,33,45.84,0,2017,5,9,1,19,0,776307.495015,907324.094113,718996.080637,741331.430196,910304.3331604286,907932.9126975714,863454.2700430499,2,129,2,218.9090909090909
2017-05-10,766101.907094,20292,54,33,47.28,0,2017,5,10,2,19,0,715811.198881,924247.257204,781159.2829995,791762.312883,882945.3481272858,907705.4211435715,862542.8332103714,2,130,2,368.94545454545454
2017-05-11,648650.413039,11109,54,33,47.81,0,2017,5,11,3,19,0,766101.907094,716654.608983,624910.0260955,737029.565183,860353.1552544286,906629.8942931786,861626.3901464784,2,131,2,201.98181818181817
2017-05-12,764812.415784,16721,54,33,47.83,1,2017,5,12,4,19,0,648650.413039,780798.407016,797636.6251025,740889.486829,850638.2701195714,908325.6362177142,858469.9918556215,2,132,2,304.0181818181818
2017-05-15,823035.572122,11265,54,33,48.86,0,2017,5,15,0,20,0,884199.9138385,776307.495015,1306699.366897,775916.9059055,810408.6049720714,898241.6027721071,863505.5533165323,2,135,3,204.8181818181818
2017-05-16,807803.8950783,13685,54,33,48.64,0,2017,5,16,1,20,0,823035.572122,715811.198881,907324.094113,717196.315762,817084.0445587857,863694.1888596071,865188.3628242643,2,136,3,248.8181818181818
2017-05-17,841407.607944,18617,54,33,49.04,0,2017,5,17,2,20,0,807803.8950783,766101.907094,924247.257204,735733.2142477001,830225.8583012571,856585.6032142715,868424.3477998463,2,137,3,338.4909090909091
2017-05-18,628487.989962,10594,54,33,49.36,0,2017,5,18,3,20,0,841407.607944,648650.413039,716654.608983,675804.0219027,840983.8155655429,850668.4854099856,872198.433289,2,138,3,192.61818181818182
2017-05-19,773775.4378677,15706,54,33,50.32,0,2017,5,19,4,20,0,628487.989962,764812.415784,780798.407016,795795.893872,838103.4694116857,844370.8697656285,870508.5750054036,2,139,3,285.56363636363636
2017-05-22,778935.156126,10039,54,33,50.81,0,2017,5,22,0,21,0,1201938.886229,823035.572122,776307.495015,755072.530945,873159.5387194286,841784.0718457501,874100.1006977322,2,142,4,182.52727272727273
2017-05-23,723151.767982,12292,54,33,51.12,0,2017,5,23,1,21,0,778935.156126,807803.8950783,715811.198881,718996.080637,866859.4792914286,841971.7619251071,874952.3373113393,2,143,4,223.4909090909091
2017-05-24,746303.6271255,20850,54,33,50.99,1,2017,5,24,2,21,0,723151.767982,841407.607944,766101.907094,781159.2829995,854766.3182776714,842496.0882894642,875100.7547165178,2,144,4,379.09090909090907
2017-05-25,620108.24391,9527,54,33,48.57,0,2017,5,25,3,21,0,746303.6271255,628487.989962,648650.413039,624910.0260955,841180.0353036,841081.9254345715,873855.909863875,2,145,4,173.21818181818182
2017-05-26,984511.1521135,16458,54,33,49.58,1,2017,5,26,4,21,0,620108.24391,773775.4378677,764812.415784,797636.6251025,839982.9287247428,839043.1990682144,873684.4176429643,2,146,4,299.23636363636365
2017-05-29,776813.137038,10056,54,33,49.605,0,2017,5,29,0,22,0,1061771.636907,778935.156126,823035.572122,1306699.366897,835285.9253297142,854222.7320245715,876232.1673983393,2,149,5,182.83636363636364
2017-05-30,742471.2769905,12281,54,33,49.63,0,2017,5,30,1,22,0,776813.137038,723151.767982,807803.8950783,907324.094113,834982.7797457144,850921.1295185714,857307.6591890893,2,150,5,223.29090909090908
2017-05-31,858062.149411,17457,54,33,48.29,0,2017,5,31,2,22,0,742471.2769905,746303.6271255,841407.607944,924247.257204,837742.7096040715,846254.5139408715,851420.0585775714,2,151,5,317.4
2017-06-01,766859.172845,3498,54,33,48.32,0,2017,6,1,3,22,0,858062.149411,620108.24391,628487.989962,716654.608983,853708.2127877142,847444.1240456572,849056.3047278215,2,152,1,63.6
2017-06-02,918421.319125,13480,54,33,47.68,0,2017,6,2,4,22,0,766859.172845,984511.1521135,773775.4378677,780798.407016,874672.6312070001,857327.7799658714,850849.32486575,2,153,1,245.0909090909091
2017-06-05,912693.8511,8750,54,33,47.4,0,2017,6,5,0,23,0,1376511.520495,776813.137038,778935.156126,776307.495015,945039.5264366429,890162.7258831785,865973.3988644643,2,156,1,159.0909090909091
2017-06-06,805546.647956,11319,54,33,48.13,0,2017,6,6,1,23,0,912693.8511,742471.2769905,723151.767982,715811.198881,964451.0570169286,899716.9183813214,870844.3401532143,2,157,1,205.8
2017-06-07,842979.8370823,17369,54,33,45.8,0,2017,6,7,2,23,0,805546.647956,858062.149411,746303.6271255,766101.907094,973461.8242977143,905602.2669508929,874049.1776201787,2,158,1,315.8
2017-06-08,667099.801025,10621,54,33,45.68,0,2017,6,8,3,23,0,842979.8370823,766859.172845,620108.24391,648650.413039,971307.2082507572,912507.7105192357,876794.8179769035,2,159,2,193.1090909090909
2017-06-09,795116.1360699,15713,54,33,45.82,0,2017,6,9,4,23,0,667099.801025,918421.319125,984511.1521135,764812.415784,957055.8694193285,915864.2503131643,877453.7246906894,2,160,2,285.6909090909091
2017-06-12,768349.7589517,10854,54,33,46.1,0,2017,6,12,0,24,0,1213673.946877,912693.8511,776813.137038,823035.572122,890120.4148798857,917579.9706582642,885901.3513414179,2,163,2,197.34545454545454
2017-06-13,729412.959849,13186,54,33,46.41,0,2017,6,13,1,24,0,768349.7589517,805546.647956,742471.2769905,807803.8950783,869499.8302872714,916975.4436521,883948.2865853356,2,164,2,239.74545454545455
2017-06-14,785885.9088963,20019,54,33,44.79,0,2017,6,14,2,24,0,729412.959849,842979.8370823,858062.149411,841407.607944,858623.5891291286,916042.7067134214,881148.6103271464,2,165,2,363.9818181818182
2017-06-15,660338.346974,10081,54,33,44.47,0,2017,6,15,3,24,0,785885.9088963,667099.801025,766859.172845,628487.989962,850467.3136739858,910887.2609623715,879165.6925040142,2,166,3,183.29090909090908
2017-06-16,834786.4275550001,15820,54,33,44.73,0,2017,6,16,4,24,0,660338.346974,795116.1360699,918421.319125,773775.4378677,849501.3916667,903278.6305430143,880303.2052544429,2,167,3,287.6363636363636
2017-06-19,791146.393731,10399,54,33,44.24,0,2017,6,19,0,25,0,965144.121179,768349.7589517,912693.8511,778935.156126,834293.0106130714,862206.7127464786,876184.7193148285,2,170,3,189.07272727272726
2017-06-20,787326.7170395,13072,54,33,43.34,0,2017,6,20,1,25,0,791146.393731,729412.959849,805546.647956,723151.767982,837549.6727244,853524.7515058358,876620.8349435786,2,171,3,237.6727272727273
2017-06-21,766159.0112892,21009,54,33,42.48,0,2017,6,21,2,25,0,787326.7170395,785885.9088963,842979.8370823,746303.6271255,845823.066608757,852223.3278689429,878912.7974099179,2,172,3,381.9818181818182
2017-06-22,609868.8309586,11621,54,33,42.53,0,2017,6,22,3,25,0,766159.0112892,660338.346974,667099.801025,620108.24391,843004.9383791714,846736.1260265785,879621.9182729071,2,173,4,211.29090909090908
2017-06-23,761049.7450639,17672,54,33,42.86,1,2017,6,23,4,25,0,609868.8309586,834786.4275550001,795116.1360699,984511.1521135,835795.0075198285,842648.1995932644,879256.2249532143,2,174,4,321.3090909090909
2017-06-26,755367.8450665,10857,54,33,43.24,0,2017,6,26,0,26,0,1092610.858614,791146.393731,768349.7589517,776813.137038,824489.9691187429,829391.4898659072,873485.7302620857,2,177,4,197.4
2017-06-27,682218.468913,13169,54,33,44.25,0,2017,6,27,1,26,0,755367.8450665,787326.7170395,729412.959849,742471.2769905,819378.7478809571,828464.2103026786,872719.8269773892,2,178,4,239.43636363636364
2017-06-28,731896.9850105,20138,54,33,44.74,0,2017,6,28,2,26,0,682218.468913,766159.0112892,785885.9088963,858062.149411,804363.2838628858,825093.1752358215,870567.9409746213,2,179,4,366.1454545454545
2017-06-29,630811.802872,13403,54,33,44.88,0,2017,6,29,3,26,0,731896.9850105,609868.8309586,660338.346974,766859.172845,799468.7086802142,821236.823529693,866062.0422460322,2,180,5,243.6909090909091
2017-06-30,802273.1392327,18245,54,33,46.02,0,2017,6,30,4,26,0,630811.802872,761049.7450639,834786.4275550001,918421.319125,802460.5618107001,819127.7846652643,861203.2076041392,2,181,5,331.72727272727275
2017-07-03,925143.408816,12329,54,33,45.71666666666667,1,2017,7,3,0,27,0,1296379.2175535,755367.8450665,791146.393731,912693.8511,872353.9115023141,848421.9403105285,855314.3265285036,3,184,1,224.16363636363636
2017-07-04,832359.2860137,14888,54,33,45.41333333333333,0,2017,7,4,1,27,0,925143.408816,682218.468913,787326.7170395,805546.647956,896607.5634665285,857993.1556737429,855758.9535897893,3,185,1,270.6909090909091
2017-07-05,844301.613116,23049,54,33,45.11,0,2017,7,5,2,27,0,832359.2860137,731896.9850105,766159.0112892,842979.8370823,918056.2516237714,861209.7677433286,856716.5478061356,3,186,1,419.07272727272726
2017-07-06,700272.0099567,13192,54,33,45.52,0,2017,7,6,3,27,0,844301.613116,630811.802872,609868.8309586,667099.801025,934114.0556388429,866791.3821595286,856763.7540930536,3,187,1,239.85454545454544
2017-07-07,805792.302193,18485,54,33,44.25,0,2017,7,7,4,27,0,700272.0099567,802273.1392327,761049.7450639,795116.1360699,944036.9423652284,873248.7520879643,857948.4758406142,3,188,1,336.09090909090907
2017-07-10,804158.8610365,12239,54,33,44.4,0,2017,7,10,0,28,0,1100833.322376,925143.408816,755367.8450665,768349.7589517,886721.305068557,879537.6082854357,854464.5490756714,3,191,2,222.52727272727273
2017-07-11,730534.767701,14429,54,33,45.06,0,2017,7,11,1,28,0,804158.8610365,832359.2860137,682218.468913,729412.959849,869437.7982429144,883022.6808547213,855743.4455787,3,192,2,262.3454545454546
2017-07-12,748799.9959087,20226,54,33,45.48,0,2017,7,12,2,28,0,730534.767701,844301.613116,731896.9850105,785885.9088963,854891.4384839572,886473.8450538644,855783.5101448429,3,193,2,367.74545454545455
2017-07-13,629651.3629294999,10199,54,33,46.06,0,2017,7,13,3,28,0,748799.9959087,700272.0099567,630811.802872,660338.346974,841248.3503114858,887681.2029751643,854459.0132524286,3,194,2,185.43636363636364
2017-07-14,765489.6173932999,16059,54,33,46.53,0,2017,7,14,4,28,0,629651.3629294999,805792.302193,802273.1392327,834786.4275550001,831159.6864504572,887598.3144078428,853363.0495365536,3,195,2,291.9818181818182
2017-07-17,818325.522149,10056,54,33,46.02,0,2017,7,17,0,29,0,1100803.699023,804158.8610365,925143.408816,791146.393731,821216.4898667143,853968.8974676357,851195.4188890822,3,198,3,182.83636363636364
2017-07-18,730133.70894,12065,54,33,46.4,0,2017,7,18,1,29,0,818325.522149,730534.767701,832359.2860137,787326.7170395,823240.2985970714,846339.0484199928,852166.1020468678,3,199,3,219.36363636363637
2017-07-19,767978.778078,18201,54,33,47.1,0,2017,7,19,2,29,0,730133.70894,748799.9959087,844301.613116,766159.0112892,823183.0044883571,839037.221486157,850123.4946147428,3,200,3,330.92727272727274
2017-07-20,688288.067857,10708,54,33,46.73,0,2017,7,20,3,29,0,767978.778078,629651.3629294999,700272.0099567,609868.8309586,825922.8305125429,833585.5904120143,850188.4862857714,3,201,3,194.6909090909091
2017-07-21,782418.2992188,15340,54,33,45.78,0,2017,7,21,4,29,0,688288.067857,765489.6173932999,805792.302193,761049.7450639,834299.5026450428,832729.5945477498,852989.1733178572,3,202,3,278.90909090909093
2017-07-24,816564.327096,9448,54,33,46.21,1,2017,7,24,0,30,0,1024288.741245,818325.522149,804158.8610365,755367.8450665,820619.3091669714,820917.8995168429,850227.7539011393,3,205,4,171.78181818181818
2017-07-25,713581.632609,11325,54,33,47.77,1,2017,7,25,1,30,0,816564.327096,730133.70894,730534.767701,682218.468913,820367.7098736857,821804.0042353786,852413.3425450501,3,206,4,205.9090909090909
2017-07-26,740653.044167,18725,54,33,48.58,0,2017,7,26,2,30,0,713581.632609,767978.778078,748799.9959087,731896.9850105,818003.1275406858,820593.0660145214,853533.4555341928,3,207,4,340.45454545454544
2017-07-27,659849.8270588,8001,54,33,49.05,0,2017,7,27,3,30,0,740653.044167,688288.067857,629651.3629294999,630811.802872,814099.4512676857,820011.1408901142,853846.1719326393,3,208,4,145.47272727272727
2017-07-28,835099.6822035,13850,54,33,49.72,0,2017,7,28,4,30,0,659849.8270588,782418.2992188,765489.6173932999,802273.1392327,810036.8454393714,822168.1740422072,854883.2442250251,3,209,4,251.8181818181818
2017-07-31,885856.8408705,8649,54,33,50.21,0,2017,7,31,0,31,0,1123752.4779517,816564.327096,818325.522149,925143.408816,845973.1224032857,833296.2157851286,843632.5566263822,3,212,5,157.25454545454545
2017-08-01,988527.763204,10150,54,33,49.19,0,2017,8,1,1,31,0,885856.8408705,713581.632609,730133.70894,832359.2860137,855872.0529425001,838119.8814080928,842229.4649140429,3,213,1,184.54545454545453
2017-08-02,964712.016051,16524,54,33,49.6,0,2017,8,2,2,31,0,988527.763204,740653.044167,767978.778078,844301.613116,895150.0715989285,856576.5995698072,847806.910527982,3,214,1,300.43636363636364
2017-08-03,728068.485132,7859,54,33,49.03,0,2017,8,3,3,31,0,964712.016051,659849.8270588,688288.067857,700272.0099567,927158.4961537857,870628.9737107357,852107.282061375,3,215,1,142.8909090909091
2017-08-04,827775.686128,14193,54,33,49.57,0,2017,8,4,4,31,0,728068.485132,835099.6822035,782418.2992188,805792.302193,936904.0187356714,873470.4320875214,853100.0133176359,3,216,1,258.05454545454546
2017-08-07,797464.963817,8209,54,33,49.37,0,2017,8,7,0,32,0,1049559.164277,885856.8408705,816564.327096,804158.8610365,915741.943736357,880857.5330698213,850887.7162933322,3,219,1,149.25454545454545
2017-08-08,717766.3491055,10638,54,33,49.07,0,2017,8,8,1,32,0,797464.963817,988527.763204,713581.632609,730534.767701,903114.5327287142,879493.2928356071,850648.6485354928,3,220,2,193.4181818181818
2017-08-09,734139.67401,16117,54,33,49.59,0,2017,8,9,2,32,0,717766.3491055,964712.016051,740653.044167,748799.9959087,864434.3307146428,879792.2011567857,850192.6335856535,3,221,2,293.03636363636366
2017-08-10,651386.9119697,7917,54,33,48.54,1,2017,8,10,3,32,0,734139.67401,728068.485132,659849.8270588,629651.3629294999,831495.4247087856,879326.9604312858,849669.0506607,3,222,2,143.94545454545454
2017-08-11,826373.722022,14179,54,33,48.81,1,2017,8,11,4,32,0,651386.9119697,827775.686128,835099.6822035,765489.6173932999,820540.9142570285,878722.46649635,850445.3202692785,3,223,2,257.8
2017-08-14,760922.4060808,8043,54,33,47.59,0,2017,8,14,0,33,0,865639.677471,797464.963817,885856.8408705,818325.522149,769343.1190676716,842542.5314020143,837919.3735935715,3,226,2,146.23636363636365
2017-08-15,762661.935939,10605,54,33,47.57,1,2017,8,15,1,33,0,760922.4060808,717766.3491055,988527.763204,730133.70894,764122.7536767857,833618.64320275,835869.2623054215,3,227,3,192.8181818181818
